Ride_ID ,Booking_Date,Booking_Time,City,Customer_Type,Distance_km,Fare,Surge_Multiplier,Ride_Status,Payment_Mode,Driver_Rating,Revenue_Status,Day_of_Week,Ride_Hour
1,30-03-2025,05:09:00,Delhi,Regular,20,264,1.2,Completed,UPI,5,High Revenue,Sunday,5
2,31-03-2025,23:44:00,Mumbai,Regular,14,140,1,Cancelled,Cash,5,Normal Revenue,Monday,23
3,01-04-2025,02:50:00,Pune,Premium,16,144,1,Completed,Cash,4.2,Normal Revenue,Tuesday,2
4,09-01-2025,20:47:00,Mumbai,Premium,16,176,1,Completed,UPI,4.6,Normal Revenue,Thursday,20
5,17-01-2025,16:54:00,Hyderabad,Regular,8,76.8,1.2,Completed,Card,4.9,Normal Revenue,Friday,16
6,29-01-2025,22:26:00,Delhi,Regular,13,156,1,Cancelled,UPI,3.9,Normal Revenue,Wednesday,22
7,27-02-2025,10:47:00,Mumbai,Regular,3,45,1,Pending,Cash,4.2,Normal Revenue,Thursday,10
8,11-02-2025,01:05:00,Hyderabad,Corporate,16,172.8,1.2,Completed,UPI,4.4,Normal Revenue,Tuesday,1
9,14-02-2025,07:24:00,Mumbai,Corporate,4,66,1.5,Completed,Cash,4.7,Normal Revenue,Friday,7
10,29-03-2025,00:50:00,Delhi,Premium,15,337.5,1.5,Pending,UPI,4.2,High Revenue,Saturday,0
11,01-02-2025,18:24:00,Hyderabad,Regular,14,218.4,1.2,Completed,UPI,3.8,High Revenue,Saturday,18
12,07-03-2025,09:40:00,Pune,Premium,13,171.6,1.2,Completed,Cash,4.7,Normal Revenue,Friday,9
13,22-03-2025,17:59:00,Delhi,Regular,7,84,1,Completed,Card,4.5,Normal Revenue,Saturday,17
14,20-03-2025,23:31:00,Bangalore,Premium,7,63,1,Completed,Cash,3.8,Normal Revenue,Thursday,23
15,24-02-2025,00:26:00,Mumbai,Regular,2,19.2,1.2,Cancelled,UPI,3.9,Normal Revenue,Monday,0
16,21-02-2025,00:31:00,Bangalore,Regular,17,255,1.5,Completed,UPI,3.6,High Revenue,Friday,0
17,17-02-2025,19:36:00,Delhi,Regular,19,399,1.5,Completed,UPI,4.3,High Revenue,Monday,19
18,02-02-2025,14:45:00,Hyderabad,Regular,16,216,1.5,Completed,Cash,4.8,High Revenue,Sunday,14
19,23-01-2025,16:19:00,Pune,Corporate,5,97.5,1.5,Cancelled,UPI,3.6,Normal Revenue,Thursday,16
20,28-01-2025,10:45:00,Hyderabad,Regular,6,135,1.5,Cancelled,Cash,4.3,Normal Revenue,Tuesday,10
21,07-02-2025,03:17:00,Pune,Regular,3,27,1,Completed,Card,3.5,Normal Revenue,Friday,3
22,10-02-2025,00:15:00,Pune,Premium,19,228,1.2,Completed,UPI,3.9,High Revenue,Monday,0
23,04-01-2025,04:59:00,Delhi,Premium,3,32.4,1.2,Cancelled,Card,4.2,Normal Revenue,Saturday,4
24,21-03-2025,18:07:00,Hyderabad,Premium,20,360,1.2,Completed,Card,4.9,High Revenue,Friday,18
25,09-03-2025,03:05:00,Bangalore,Premium,11,132,1,Completed,Cash,4.2,Normal Revenue,Sunday,3
26,17-03-2025,01:22:00,Pune,Regular,11,214.5,1.5,Pending,Card,3.7,High Revenue,Monday,1
27,18-01-2025,16:26:00,Bangalore,Regular,14,154,1,Cancelled,Cash,4.1,Normal Revenue,Saturday,16
28,10-02-2025,14:28:00,Delhi,Corporate,12,187.2,1.2,Cancelled,UPI,3.9,Normal Revenue,Monday,14
29,16-02-2025,04:16:00,Mumbai,Regular,7,75.6,1.2,Completed,Card,4.9,Normal Revenue,Sunday,4
30,12-03-2025,18:23:00,Hyderabad,Regular,13,202.8,1.2,Completed,Card,3.9,High Revenue,Wednesday,18
31,23-02-2025,06:31:00,Pune,Regular,6,54,1,Completed,Card,4.7,Normal Revenue,Sunday,6
32,16-01-2025,05:08:00,Hyderabad,Corporate,14,273,1.5,Completed,Cash,3.8,High Revenue,Thursday,5
33,03-03-2025,16:39:00,Pune,Regular,11,88,1,Completed,Cash,4.3,Normal Revenue,Monday,16
34,28-01-2025,00:23:00,Hyderabad,Premium,16,144,1,Completed,UPI,4.4,Normal Revenue,Tuesday,0
35,05-03-2025,21:23:00,Bangalore,Regular,19,319.2,1.2,Completed,Card,4.3,High Revenue,Wednesday,21
36,13-01-2025,05:42:00,Delhi,Premium,12,162,1.5,Cancelled,Card,4.5,Normal Revenue,Monday,5
37,08-01-2025,08:00:00,Delhi,Regular,6,57.6,1.2,Completed,Cash,4.8,Normal Revenue,Wednesday,8
38,17-02-2025,14:48:00,Bangalore,Premium,12,172.8,1.2,Completed,UPI,4.9,Normal Revenue,Monday,14
39,21-03-2025,04:37:00,Bangalore,Regular,17,153,1,Completed,Card,3.7,Normal Revenue,Friday,4
40,09-01-2025,15:36:00,Hyderabad,Corporate,11,231,1.5,Pending,Card,4.1,High Revenue,Thursday,15
41,18-01-2025,12:13:00,Hyderabad,Regular,2,30,1,Pending,Cash,4.9,Normal Revenue,Saturday,12
42,30-03-2025,08:49:00,Hyderabad,Premium,15,135,1,Completed,UPI,4.1,Normal Revenue,Sunday,8
43,12-03-2025,16:06:00,Hyderabad,Corporate,15,202.5,1.5,Completed,UPI,3.6,High Revenue,Wednesday,16
44,11-03-2025,08:43:00,Bangalore,Corporate,3,27,1,Pending,Cash,4,Normal Revenue,Tuesday,8
45,09-03-2025,11:11:00,Hyderabad,Premium,9,189,1.5,Completed,UPI,4.9,Normal Revenue,Sunday,11
46,10-02-2025,09:28:00,Mumbai,Premium,8,132,1.5,Completed,UPI,4.6,Normal Revenue,Monday,9
47,03-01-2025,17:02:00,Pune,Corporate,19,228,1,Completed,Card,4.9,High Revenue,Friday,17
48,12-02-2025,05:07:00,Mumbai,Regular,13,156,1,Cancelled,Card,3.7,Normal Revenue,Wednesday,5
49,15-01-2025,23:18:00,Mumbai,Corporate,14,189,1.5,Completed,Cash,4.6,Normal Revenue,Wednesday,23
50,21-01-2025,22:01:00,Hyderabad,Corporate,6,84,1,Completed,UPI,4.4,Normal Revenue,Tuesday,22
51,03-01-2025,02:52:00,Pune,Regular,3,67.5,1.5,Completed,Cash,5,Normal Revenue,Friday,2
52,04-03-2025,22:35:00,Hyderabad,Corporate,5,105,1.5,Completed,UPI,3.5,Normal Revenue,Tuesday,22
53,01-01-2025,04:16:00,Bangalore,Premium,2,42,1.5,Completed,Cash,4.2,Normal Revenue,Wednesday,4
54,14-02-2025,18:35:00,Pune,Corporate,16,268.8,1.2,Cancelled,Cash,5,High Revenue,Friday,18
55,09-02-2025,07:32:00,Mumbai,Premium,19,296.4,1.2,Completed,UPI,3.9,High Revenue,Sunday,7
56,15-03-2025,22:55:00,Hyderabad,Corporate,17,306,1.2,Cancelled,UPI,3.8,High Revenue,Saturday,22
57,03-01-2025,23:06:00,Mumbai,Premium,12,162,1.5,Completed,Card,4.8,Normal Revenue,Friday,23
58,08-03-2025,13:58:00,Delhi,Corporate,8,104,1,Completed,UPI,3.6,Normal Revenue,Saturday,13
59,14-01-2025,07:06:00,Bangalore,Premium,9,118.8,1.2,Completed,Cash,4.2,Normal Revenue,Tuesday,7
60,07-03-2025,08:14:00,Hyderabad,Corporate,9,135,1,Completed,Cash,3.9,Normal Revenue,Friday,8
61,29-03-2025,22:29:00,Mumbai,Regular,20,300,1,Cancelled,Cash,4.6,High Revenue,Saturday,22
62,26-02-2025,13:59:00,Delhi,Regular,14,168,1,Cancelled,Cash,3.5,Normal Revenue,Wednesday,13
63,06-03-2025,01:24:00,Mumbai,Regular,7,98,1,Cancelled,Cash,4.8,Normal Revenue,Thursday,1
64,03-03-2025,07:44:00,Mumbai,Regular,17,136,1,Completed,Card,3.5,Normal Revenue,Monday,7
65,25-02-2025,08:44:00,Bangalore,Corporate,18,302.4,1.2,Completed,Cash,4.1,High Revenue,Tuesday,8
66,21-01-2025,10:51:00,Delhi,Premium,10,110,1,Cancelled,UPI,3.6,Normal Revenue,Tuesday,10
67,22-01-2025,08:19:00,Bangalore,Premium,17,183.6,1.2,Completed,Card,4.2,Normal Revenue,Wednesday,8
68,26-01-2025,07:24:00,Pune,Regular,16,192,1.2,Completed,Card,4.7,Normal Revenue,Sunday,7
69,05-03-2025,02:11:00,Pune,Regular,13,156,1,Completed,UPI,3.6,Normal Revenue,Wednesday,2
70,29-03-2025,17:18:00,Hyderabad,Premium,19,228,1.2,Pending,Card,5,High Revenue,Saturday,17
71,27-01-2025,09:47:00,Mumbai,Premium,2,36,1.5,Completed,UPI,3.6,Normal Revenue,Monday,9
72,07-03-2025,17:59:00,Hyderabad,Corporate,10,96,1.2,Completed,Cash,3.6,Normal Revenue,Friday,17
73,08-01-2025,15:16:00,Pune,Regular,16,211.2,1.2,Completed,Cash,4.1,High Revenue,Wednesday,15
74,26-01-2025,17:55:00,Bangalore,Premium,20,160,1,Completed,Card,3.6,Normal Revenue,Sunday,17
75,04-01-2025,19:52:00,Mumbai,Regular,15,210,1,Completed,Cash,4.5,High Revenue,Saturday,19
76,09-01-2025,10:45:00,Delhi,Corporate,8,104,1,Completed,UPI,4.1,Normal Revenue,Thursday,10
77,18-02-2025,04:11:00,Mumbai,Corporate,12,120,1,Completed,UPI,3.9,Normal Revenue,Tuesday,4
78,18-02-2025,16:58:00,Delhi,Corporate,13,234,1.5,Completed,UPI,4.1,High Revenue,Tuesday,16
79,16-01-2025,07:58:00,Delhi,Corporate,6,60,1,Completed,Card,3.6,Normal Revenue,Thursday,7
80,27-01-2025,04:09:00,Delhi,Regular,9,97.2,1.2,Cancelled,Cash,4.5,Normal Revenue,Monday,4
81,17-03-2025,20:23:00,Hyderabad,Corporate,2,21.6,1.2,Completed,Cash,4.7,Normal Revenue,Monday,20
82,16-01-2025,07:38:00,Mumbai,Corporate,4,62.4,1.2,Completed,Card,4.3,Normal Revenue,Thursday,7
83,13-02-2025,00:13:00,Bangalore,Regular,17,204,1.2,Cancelled,Cash,4.6,High Revenue,Thursday,0
84,07-02-2025,10:44:00,Hyderabad,Corporate,14,154,1,Completed,UPI,4.8,Normal Revenue,Friday,10
85,27-02-2025,08:36:00,Mumbai,Regular,3,33,1,Completed,Card,4.2,Normal Revenue,Thursday,8
86,10-03-2025,05:25:00,Pune,Corporate,8,120,1,Cancelled,Cash,3.8,Normal Revenue,Monday,5
87,20-03-2025,14:20:00,Pune,Premium,4,72,1.5,Completed,Card,3.6,Normal Revenue,Thursday,14
88,24-02-2025,07:17:00,Hyderabad,Premium,8,112,1,Completed,Cash,4.2,Normal Revenue,Monday,7
89,09-01-2025,23:54:00,Delhi,Premium,2,30,1,Completed,UPI,4.1,Normal Revenue,Thursday,23
90,23-01-2025,03:51:00,Hyderabad,Regular,3,49.5,1.5,Completed,Card,4.7,Normal Revenue,Thursday,3
91,22-02-2025,16:46:00,Delhi,Premium,10,195,1.5,Completed,Card,4,Normal Revenue,Saturday,16
92,02-03-2025,11:41:00,Pune,Regular,20,160,1,Cancelled,Card,4.1,Normal Revenue,Sunday,11
93,04-03-2025,00:14:00,Delhi,Regular,8,156,1.5,Pending,UPI,4.2,Normal Revenue,Tuesday,0
94,25-02-2025,20:52:00,Delhi,Regular,8,86.4,1.2,Completed,Card,4.8,Normal Revenue,Tuesday,20
95,27-03-2025,16:01:00,Bangalore,Corporate,2,26,1,Completed,Cash,3.8,Normal Revenue,Thursday,16
96,15-02-2025,04:49:00,Mumbai,Premium,8,120,1,Completed,Card,4.2,Normal Revenue,Saturday,4
97,26-01-2025,00:21:00,Pune,Regular,5,70,1,Completed,Card,4.8,Normal Revenue,Sunday,0
98,04-03-2025,10:35:00,Hyderabad,Regular,15,198,1.2,Completed,UPI,4.1,Normal Revenue,Tuesday,10
99,05-03-2025,08:37:00,Pune,Corporate,15,162,1.2,Pending,Card,3.5,Normal Revenue,Wednesday,8
100,25-02-2025,10:40:00,Delhi,Regular,5,70,1,Completed,UPI,4.7,Normal Revenue,Tuesday,10
101,21-03-2025,19:37:00,Pune,Premium,14,189,1.5,Completed,Cash,4.4,Normal Revenue,Friday,19
102,24-01-2025,03:36:00,Mumbai,Regular,18,405,1.5,Completed,UPI,3.7,High Revenue,Friday,3
103,28-01-2025,23:52:00,Bangalore,Premium,8,104,1,Cancelled,Cash,4.3,Normal Revenue,Tuesday,23
104,17-03-2025,11:03:00,Pune,Premium,2,28,1,Completed,Cash,4.6,Normal Revenue,Monday,11
105,06-03-2025,19:29:00,Hyderabad,Regular,16,240,1,Completed,Card,3.6,High Revenue,Thursday,19
106,22-02-2025,11:34:00,Bangalore,Regular,16,240,1.5,Completed,Card,4.8,High Revenue,Saturday,11
107,24-01-2025,10:00:00,Mumbai,Premium,8,76.8,1.2,Cancelled,UPI,4.6,Normal Revenue,Friday,10
108,05-02-2025,06:52:00,Hyderabad,Corporate,3,30,1,Completed,Card,3.7,Normal Revenue,Wednesday,6
109,21-03-2025,06:30:00,Mumbai,Regular,9,90,1,Completed,Card,4.9,Normal Revenue,Friday,6
110,17-02-2025,18:44:00,Pune,Corporate,19,266,1,Completed,Cash,4.2,High Revenue,Monday,18
111,24-02-2025,16:05:00,Delhi,Premium,18,324,1.5,Completed,Card,4.9,High Revenue,Monday,16
112,10-01-2025,12:17:00,Pune,Premium,11,118.8,1.2,Completed,UPI,4.3,Normal Revenue,Friday,12
113,11-03-2025,06:08:00,Hyderabad,Corporate,7,98,1,Completed,Cash,4.2,Normal Revenue,Tuesday,6
114,10-03-2025,03:26:00,Mumbai,Premium,5,60,1,Completed,UPI,3.9,Normal Revenue,Monday,3
115,24-01-2025,15:56:00,Hyderabad,Corporate,12,252,1.5,Completed,Cash,4,High Revenue,Friday,15
116,14-02-2025,08:41:00,Delhi,Premium,14,218.4,1.2,Completed,UPI,4.8,High Revenue,Friday,8
117,02-03-2025,05:32:00,Mumbai,Corporate,3,58.5,1.5,Cancelled,Cash,4.6,Normal Revenue,Sunday,5
118,13-03-2025,23:24:00,Bangalore,Premium,11,165,1,Pending,UPI,3.9,Normal Revenue,Thursday,23
119,17-03-2025,12:48:00,Bangalore,Corporate,3,49.5,1.5,Completed,UPI,4.2,Normal Revenue,Monday,12
120,26-02-2025,04:32:00,Hyderabad,Regular,9,118.8,1.2,Completed,UPI,3.6,Normal Revenue,Wednesday,4
121,10-03-2025,22:14:00,Bangalore,Corporate,6,100.8,1.2,Cancelled,Cash,4.3,Normal Revenue,Monday,22
122,29-03-2025,13:12:00,Hyderabad,Corporate,18,180,1,Completed,Card,3.9,Normal Revenue,Saturday,13
123,21-03-2025,14:49:00,Hyderabad,Premium,7,77,1,Cancelled,Cash,3.7,Normal Revenue,Friday,14
124,06-01-2025,16:07:00,Delhi,Premium,9,135,1.5,Completed,Card,4.5,Normal Revenue,Monday,16
125,17-02-2025,04:07:00,Bangalore,Premium,20,300,1,Pending,UPI,3.5,High Revenue,Monday,4
126,25-03-2025,12:37:00,Mumbai,Regular,9,108,1.5,Pending,Cash,4.4,Normal Revenue,Tuesday,12
127,04-02-2025,19:54:00,Mumbai,Corporate,3,54,1.5,Completed,Card,4.9,Normal Revenue,Tuesday,19
128,17-01-2025,12:17:00,Bangalore,Corporate,2,42,1.5,Completed,UPI,4,Normal Revenue,Friday,12
129,27-03-2025,07:47:00,Mumbai,Premium,15,198,1.2,Completed,UPI,3.7,Normal Revenue,Thursday,7
130,20-02-2025,14:33:00,Hyderabad,Premium,10,225,1.5,Completed,Card,3.5,High Revenue,Thursday,14
131,28-02-2025,15:17:00,Delhi,Premium,19,296.4,1.2,Completed,Card,4.4,High Revenue,Friday,15
132,12-03-2025,23:29:00,Delhi,Corporate,4,48,1,Completed,Cash,4,Normal Revenue,Wednesday,23
133,11-02-2025,01:05:00,Pune,Premium,15,144,1.2,Completed,Cash,4.3,Normal Revenue,Tuesday,1
134,27-01-2025,14:49:00,Pune,Regular,14,231,1.5,Completed,Card,4.7,High Revenue,Monday,14
135,15-03-2025,16:52:00,Bangalore,Corporate,10,120,1,Completed,UPI,4.2,Normal Revenue,Saturday,16
136,30-03-2025,02:58:00,Pune,Premium,16,192,1,Completed,Cash,4.2,Normal Revenue,Sunday,2
137,30-03-2025,00:01:00,Delhi,Regular,2,36,1.2,Completed,UPI,3.9,Normal Revenue,Sunday,0
138,28-01-2025,22:38:00,Mumbai,Corporate,18,252,1,Completed,UPI,3.9,High Revenue,Tuesday,22
139,02-03-2025,01:03:00,Bangalore,Corporate,12,108,1,Cancelled,Card,4.7,Normal Revenue,Sunday,1
140,12-02-2025,10:35:00,Delhi,Regular,18,351,1.5,Completed,Cash,4,High Revenue,Wednesday,10
141,19-03-2025,19:00:00,Hyderabad,Corporate,5,90,1.5,Completed,UPI,4.8,Normal Revenue,Wednesday,19
142,01-01-2025,15:02:00,Bangalore,Corporate,8,180,1.5,Completed,Card,4.1,Normal Revenue,Wednesday,15
143,13-03-2025,10:17:00,Pune,Premium,8,144,1.5,Completed,Cash,4.2,Normal Revenue,Thursday,10
144,11-03-2025,08:01:00,Delhi,Corporate,17,224.4,1.2,Completed,UPI,4.1,High Revenue,Tuesday,8
145,11-03-2025,13:57:00,Bangalore,Premium,19,313.5,1.5,Completed,Card,4.3,High Revenue,Tuesday,13
146,01-03-2025,18:41:00,Delhi,Regular,10,110,1,Completed,Card,3.6,Normal Revenue,Saturday,18
147,17-03-2025,18:35:00,Delhi,Corporate,19,285,1,Completed,Card,4,High Revenue,Monday,18
148,04-01-2025,03:28:00,Mumbai,Regular,7,77,1,Completed,UPI,4.4,Normal Revenue,Saturday,3
149,19-03-2025,01:12:00,Bangalore,Regular,20,288,1.2,Completed,Card,4,High Revenue,Wednesday,1
150,26-03-2025,05:27:00,Pune,Corporate,12,270,1.5,Pending,UPI,3.6,High Revenue,Wednesday,5
151,13-03-2025,21:14:00,Delhi,Corporate,14,196,1,Completed,Card,4.9,Normal Revenue,Thursday,21
152,20-03-2025,12:33:00,Mumbai,Regular,5,45,1,Completed,UPI,4.4,Normal Revenue,Thursday,12
153,08-02-2025,21:25:00,Delhi,Corporate,12,144,1.5,Completed,Cash,4.1,Normal Revenue,Saturday,21
154,05-03-2025,08:07:00,Bangalore,Regular,6,48,1,Completed,Cash,3.6,Normal Revenue,Wednesday,8
155,29-01-2025,11:56:00,Mumbai,Regular,19,152,1,Completed,UPI,4.5,Normal Revenue,Wednesday,11
156,16-03-2025,16:45:00,Delhi,Corporate,7,117.6,1.2,Pending,Card,4.8,Normal Revenue,Sunday,16
157,14-01-2025,16:32:00,Pune,Premium,18,270,1,Pending,Card,3.6,High Revenue,Tuesday,16
158,15-03-2025,20:15:00,Bangalore,Premium,12,252,1.5,Completed,Card,4.6,High Revenue,Saturday,20
159,04-01-2025,11:21:00,Hyderabad,Corporate,7,67.2,1.2,Completed,Card,3.8,Normal Revenue,Saturday,11
160,06-02-2025,18:11:00,Hyderabad,Corporate,16,208,1,Completed,UPI,3.6,High Revenue,Thursday,18
161,20-02-2025,10:29:00,Delhi,Premium,12,120,1,Completed,Card,4.5,Normal Revenue,Thursday,10
162,23-03-2025,04:07:00,Delhi,Premium,14,140,1,Completed,Cash,4,Normal Revenue,Sunday,4
163,07-01-2025,21:07:00,Hyderabad,Regular,20,192,1.2,Completed,Cash,4.9,Normal Revenue,Tuesday,21
164,17-03-2025,13:28:00,Mumbai,Premium,15,247.5,1.5,Completed,Card,4.9,High Revenue,Monday,13
165,28-03-2025,15:38:00,Mumbai,Premium,15,120,1,Completed,Card,3.7,Normal Revenue,Friday,15
166,09-03-2025,01:04:00,Pune,Corporate,6,108,1.5,Cancelled,Card,4.5,Normal Revenue,Sunday,1
167,24-01-2025,15:46:00,Mumbai,Corporate,5,90,1.2,Completed,Card,3.7,Normal Revenue,Friday,15
168,06-02-2025,23:36:00,Delhi,Corporate,8,180,1.5,Cancelled,Cash,3.7,Normal Revenue,Thursday,23
169,15-02-2025,05:38:00,Mumbai,Premium,8,86.4,1.2,Pending,Cash,4.1,Normal Revenue,Saturday,5
170,18-02-2025,23:39:00,Pune,Corporate,18,234,1,Completed,Card,4.3,High Revenue,Tuesday,23
171,20-02-2025,14:18:00,Delhi,Regular,13,195,1,Completed,Card,4.9,Normal Revenue,Thursday,14
172,31-03-2025,17:26:00,Pune,Premium,7,84,1,Completed,UPI,4.1,Normal Revenue,Monday,17
173,10-01-2025,15:02:00,Mumbai,Regular,11,198,1.2,Completed,Cash,4.5,Normal Revenue,Friday,15
174,19-03-2025,20:20:00,Delhi,Regular,7,105,1.5,Cancelled,Cash,4.9,Normal Revenue,Wednesday,20
175,25-02-2025,23:00:00,Delhi,Premium,6,66,1,Completed,Card,4.7,Normal Revenue,Tuesday,23
176,09-01-2025,00:24:00,Pune,Regular,3,36,1.2,Completed,Cash,4.4,Normal Revenue,Thursday,0
177,26-03-2025,21:58:00,Pune,Premium,8,115.2,1.2,Completed,UPI,3.6,Normal Revenue,Wednesday,21
178,07-01-2025,18:41:00,Mumbai,Corporate,11,132,1.2,Pending,Cash,3.5,Normal Revenue,Tuesday,18
179,31-03-2025,09:40:00,Bangalore,Corporate,10,156,1.2,Completed,UPI,4.7,Normal Revenue,Monday,9
180,10-01-2025,09:19:00,Mumbai,Regular,16,336,1.5,Completed,Cash,3.7,High Revenue,Friday,9
181,26-01-2025,09:41:00,Hyderabad,Regular,2,36,1.2,Completed,Card,3.5,Normal Revenue,Sunday,9
182,02-03-2025,07:59:00,Mumbai,Premium,17,357,1.5,Completed,Cash,4.8,High Revenue,Sunday,7
183,19-03-2025,01:44:00,Mumbai,Regular,15,270,1.2,Cancelled,Card,4.6,High Revenue,Wednesday,1
184,25-03-2025,05:32:00,Mumbai,Premium,9,90,1,Pending,Cash,4.8,Normal Revenue,Tuesday,5
185,18-01-2025,02:07:00,Bangalore,Premium,5,90,1.5,Cancelled,Cash,4,Normal Revenue,Saturday,2
186,15-02-2025,20:30:00,Delhi,Corporate,5,48,1.2,Completed,UPI,3.5,Normal Revenue,Saturday,20
187,05-03-2025,16:30:00,Hyderabad,Regular,2,42,1.5,Completed,UPI,3.7,Normal Revenue,Wednesday,16
188,31-01-2025,22:23:00,Bangalore,Regular,19,399,1.5,Completed,UPI,4.8,High Revenue,Friday,22
189,19-02-2025,00:59:00,Pune,Regular,19,319.2,1.2,Completed,UPI,3.8,High Revenue,Wednesday,0
190,31-03-2025,22:37:00,Pune,Premium,14,315,1.5,Cancelled,Cash,4.5,High Revenue,Monday,22
191,03-03-2025,04:40:00,Bangalore,Regular,9,151.2,1.2,Cancelled,Card,4.7,Normal Revenue,Monday,4
192,11-01-2025,12:23:00,Bangalore,Regular,15,180,1.5,Completed,UPI,4.7,Normal Revenue,Saturday,12
193,17-03-2025,15:46:00,Pune,Premium,2,30,1,Pending,UPI,3.9,Normal Revenue,Monday,15
194,09-03-2025,00:40:00,Pune,Corporate,7,94.5,1.5,Completed,Cash,4.4,Normal Revenue,Sunday,0
195,06-02-2025,12:29:00,Hyderabad,Premium,14,126,1,Completed,Card,3.7,Normal Revenue,Thursday,12
196,06-02-2025,22:35:00,Delhi,Regular,13,273,1.5,Cancelled,Card,3.5,High Revenue,Thursday,22
197,20-01-2025,15:01:00,Pune,Corporate,8,104,1,Completed,Card,3.9,Normal Revenue,Monday,15
198,03-03-2025,22:41:00,Hyderabad,Corporate,5,90,1.2,Completed,Cash,4.8,Normal Revenue,Monday,22
199,19-01-2025,10:05:00,Hyderabad,Premium,12,96,1,Completed,UPI,4.7,Normal Revenue,Sunday,10
200,12-02-2025,07:16:00,Bangalore,Regular,20,220,1,Completed,UPI,4.6,High Revenue,Wednesday,7
201,22-01-2025,18:21:00,Bangalore,Regular,5,65,1,Pending,Cash,4.8,Normal Revenue,Wednesday,18
202,09-01-2025,02:23:00,Mumbai,Premium,8,76.8,1.2,Completed,Cash,4.9,Normal Revenue,Thursday,2
203,15-02-2025,16:30:00,Bangalore,Regular,14,218.4,1.2,Completed,UPI,3.7,High Revenue,Saturday,16
204,09-01-2025,16:59:00,Delhi,Regular,5,54,1.2,Completed,Cash,4,Normal Revenue,Thursday,16
205,05-01-2025,19:48:00,Delhi,Corporate,15,162,1.2,Completed,UPI,4.2,Normal Revenue,Sunday,19
206,06-01-2025,10:04:00,Pune,Regular,3,39,1,Pending,Cash,3.6,Normal Revenue,Monday,10
207,03-02-2025,06:54:00,Mumbai,Corporate,9,126,1,Cancelled,Card,4.8,Normal Revenue,Monday,6
208,18-01-2025,09:35:00,Hyderabad,Regular,20,192,1.2,Completed,Card,4.5,Normal Revenue,Saturday,9
209,02-02-2025,00:09:00,Delhi,Corporate,12,198,1.5,Completed,UPI,4.1,Normal Revenue,Sunday,0
210,04-03-2025,06:32:00,Hyderabad,Regular,15,247.5,1.5,Completed,Card,4.4,High Revenue,Tuesday,6
211,27-02-2025,01:57:00,Mumbai,Premium,6,117,1.5,Completed,Card,4.9,Normal Revenue,Thursday,1
212,11-03-2025,14:33:00,Hyderabad,Premium,7,84,1.2,Completed,Cash,4.6,Normal Revenue,Tuesday,14
213,09-03-2025,03:36:00,Delhi,Regular,11,132,1.2,Completed,Cash,4.8,Normal Revenue,Sunday,3
214,11-02-2025,16:22:00,Delhi,Premium,3,43.2,1.2,Completed,Card,4.8,Normal Revenue,Tuesday,16
215,03-01-2025,14:09:00,Delhi,Regular,13,175.5,1.5,Completed,Cash,3.6,Normal Revenue,Friday,14
216,19-02-2025,16:11:00,Pune,Regular,4,52,1,Cancelled,UPI,3.7,Normal Revenue,Wednesday,16
217,21-02-2025,13:36:00,Hyderabad,Premium,19,182.4,1.2,Completed,Card,4,Normal Revenue,Friday,13
218,08-03-2025,19:35:00,Mumbai,Regular,18,144,1,Completed,Card,4.6,Normal Revenue,Saturday,19
219,20-01-2025,10:09:00,Delhi,Corporate,12,270,1.5,Pending,UPI,3.9,High Revenue,Monday,10
220,27-02-2025,08:57:00,Delhi,Corporate,12,234,1.5,Pending,Cash,4.3,High Revenue,Thursday,8
221,19-03-2025,09:08:00,Hyderabad,Regular,18,252,1,Completed,Cash,3.7,High Revenue,Wednesday,9
222,13-03-2025,19:50:00,Bangalore,Corporate,5,84,1.2,Completed,Card,4.1,Normal Revenue,Thursday,19
223,28-03-2025,22:39:00,Delhi,Corporate,3,49.5,1.5,Completed,Cash,4.9,Normal Revenue,Friday,22
224,05-02-2025,18:14:00,Hyderabad,Corporate,11,154,1,Completed,Card,4.6,Normal Revenue,Wednesday,18
225,08-03-2025,16:10:00,Mumbai,Premium,12,156,1,Pending,Cash,3.9,Normal Revenue,Saturday,16
226,25-01-2025,21:41:00,Pune,Premium,3,54,1.5,Cancelled,Card,4.6,Normal Revenue,Saturday,21
227,05-01-2025,18:18:00,Mumbai,Corporate,15,234,1.2,Completed,Cash,4.5,High Revenue,Sunday,18
228,09-01-2025,07:16:00,Mumbai,Corporate,19,285,1,Completed,Cash,4.3,High Revenue,Thursday,7
229,03-02-2025,06:23:00,Pune,Premium,20,280,1,Completed,Card,4.5,High Revenue,Monday,6
230,15-03-2025,00:12:00,Delhi,Premium,15,195,1,Completed,Card,3.7,Normal Revenue,Saturday,0
231,28-03-2025,08:56:00,Mumbai,Premium,11,118.8,1.2,Completed,Cash,4.1,Normal Revenue,Friday,8
232,28-02-2025,15:45:00,Bangalore,Regular,19,399,1.5,Pending,Cash,4.4,High Revenue,Friday,15
233,09-03-2025,08:51:00,Hyderabad,Regular,9,162,1.5,Completed,Card,4.2,Normal Revenue,Sunday,8
234,05-02-2025,02:16:00,Bangalore,Regular,9,140.4,1.2,Completed,Card,4.9,Normal Revenue,Wednesday,2
235,04-03-2025,12:15:00,Pune,Regular,16,128,1,Completed,Card,4.7,Normal Revenue,Tuesday,12
236,18-03-2025,20:11:00,Delhi,Corporate,8,88,1,Cancelled,Card,4.8,Normal Revenue,Tuesday,20
237,08-02-2025,09:22:00,Bangalore,Premium,9,108,1.2,Completed,UPI,4,Normal Revenue,Saturday,9
238,11-02-2025,01:19:00,Delhi,Regular,5,67.5,1.5,Pending,Cash,4.6,Normal Revenue,Tuesday,1
239,15-01-2025,01:57:00,Bangalore,Corporate,8,120,1.5,Pending,UPI,4.2,Normal Revenue,Wednesday,1
240,26-02-2025,05:36:00,Bangalore,Premium,2,36,1.2,Completed,Card,4.5,Normal Revenue,Wednesday,5
241,28-03-2025,06:57:00,Bangalore,Premium,8,144,1.5,Pending,UPI,3.9,Normal Revenue,Friday,6
242,30-01-2025,17:44:00,Mumbai,Corporate,14,315,1.5,Completed,Card,4.9,High Revenue,Thursday,17
243,25-03-2025,13:13:00,Bangalore,Corporate,19,250.8,1.2,Completed,UPI,3.9,High Revenue,Tuesday,13
244,09-01-2025,17:54:00,Bangalore,Corporate,16,208,1,Completed,Cash,4.2,High Revenue,Thursday,17
245,22-01-2025,15:05:00,Pune,Corporate,15,180,1,Completed,Cash,4.2,Normal Revenue,Wednesday,15
246,02-03-2025,07:18:00,Pune,Regular,5,45,1,Completed,UPI,3.8,Normal Revenue,Sunday,7
247,23-02-2025,00:45:00,Hyderabad,Regular,14,294,1.5,Completed,UPI,3.9,High Revenue,Sunday,0
248,01-02-2025,00:01:00,Mumbai,Regular,9,121.5,1.5,Completed,Card,4,Normal Revenue,Saturday,0
249,04-02-2025,00:22:00,Mumbai,Regular,15,210,1,Completed,Card,4,High Revenue,Tuesday,0
250,27-03-2025,07:48:00,Pune,Regular,9,175.5,1.5,Pending,Cash,4.1,Normal Revenue,Thursday,7
251,31-03-2025,19:31:00,Pune,Regular,2,16,1,Completed,Card,4.6,Normal Revenue,Monday,19
252,14-01-2025,21:41:00,Mumbai,Corporate,13,253.5,1.5,Completed,Cash,4.6,High Revenue,Tuesday,21
253,02-01-2025,06:48:00,Hyderabad,Regular,18,252,1,Completed,Cash,4.7,High Revenue,Thursday,6
254,01-01-2025,04:25:00,Mumbai,Corporate,6,72,1.5,Cancelled,Card,4.1,Normal Revenue,Wednesday,4
255,13-01-2025,07:02:00,Pune,Corporate,3,30,1,Completed,UPI,4.1,Normal Revenue,Monday,7
256,13-01-2025,03:55:00,Hyderabad,Regular,8,168,1.5,Cancelled,Cash,3.9,Normal Revenue,Monday,3
257,21-02-2025,16:41:00,Hyderabad,Corporate,17,285.6,1.2,Completed,Card,4,High Revenue,Friday,16
258,23-01-2025,16:16:00,Pune,Premium,13,273,1.5,Completed,Cash,4.3,High Revenue,Thursday,16
259,17-02-2025,05:01:00,Pune,Regular,16,230.4,1.2,Completed,Card,4,High Revenue,Monday,5
260,09-02-2025,10:00:00,Delhi,Corporate,5,90,1.5,Completed,Card,4.7,Normal Revenue,Sunday,10
261,31-01-2025,04:57:00,Bangalore,Corporate,19,171,1,Completed,Card,3.5,Normal Revenue,Friday,4
262,07-03-2025,18:56:00,Hyderabad,Regular,5,60,1.2,Completed,UPI,4.7,Normal Revenue,Friday,18
263,05-02-2025,14:34:00,Delhi,Premium,17,221,1,Completed,UPI,4.8,High Revenue,Wednesday,14
264,12-01-2025,16:52:00,Hyderabad,Corporate,12,187.2,1.2,Cancelled,Cash,4.6,Normal Revenue,Sunday,16
265,05-03-2025,14:31:00,Pune,Regular,4,60,1.5,Completed,UPI,4.2,Normal Revenue,Wednesday,14
266,31-03-2025,02:16:00,Pune,Premium,9,151.2,1.2,Completed,Card,3.7,Normal Revenue,Monday,2
267,12-02-2025,05:13:00,Pune,Corporate,3,36,1,Completed,UPI,4.7,Normal Revenue,Wednesday,5
268,22-01-2025,16:40:00,Delhi,Corporate,5,90,1.5,Completed,Cash,4.5,Normal Revenue,Wednesday,16
269,07-02-2025,12:39:00,Bangalore,Premium,19,370.5,1.5,Cancelled,UPI,3.6,High Revenue,Friday,12
270,26-01-2025,15:06:00,Mumbai,Corporate,18,198,1,Completed,Cash,4,Normal Revenue,Sunday,15
271,14-03-2025,06:18:00,Delhi,Corporate,7,84,1,Completed,UPI,4.7,Normal Revenue,Friday,6
272,01-01-2025,22:46:00,Hyderabad,Corporate,5,48,1.2,Completed,UPI,4.1,Normal Revenue,Wednesday,22
273,05-03-2025,18:37:00,Mumbai,Regular,20,336,1.2,Completed,Cash,3.9,High Revenue,Wednesday,18
274,16-01-2025,07:13:00,Bangalore,Regular,10,225,1.5,Completed,Cash,3.6,High Revenue,Thursday,7
275,09-03-2025,20:21:00,Mumbai,Regular,19,342,1.2,Cancelled,Cash,3.7,High Revenue,Sunday,20
276,17-01-2025,20:42:00,Pune,Regular,7,126,1.2,Completed,UPI,3.7,Normal Revenue,Friday,20
277,19-01-2025,13:22:00,Mumbai,Regular,15,247.5,1.5,Pending,UPI,4.3,High Revenue,Sunday,13
278,02-03-2025,23:13:00,Pune,Corporate,4,48,1,Completed,Cash,4.4,Normal Revenue,Sunday,23
279,21-02-2025,09:22:00,Mumbai,Corporate,5,50,1,Completed,Card,4.7,Normal Revenue,Friday,9
280,08-02-2025,19:09:00,Pune,Corporate,7,136.5,1.5,Completed,Cash,4.9,Normal Revenue,Saturday,19
281,18-01-2025,11:25:00,Hyderabad,Corporate,17,170,1,Completed,Cash,3.6,Normal Revenue,Saturday,11
282,21-03-2025,01:04:00,Hyderabad,Regular,10,195,1.5,Completed,Card,3.9,Normal Revenue,Friday,1
283,31-03-2025,14:41:00,Pune,Regular,16,264,1.5,Completed,UPI,4.3,High Revenue,Monday,14
284,06-03-2025,21:45:00,Hyderabad,Regular,20,312,1.2,Completed,Cash,3.5,High Revenue,Thursday,21
285,04-03-2025,19:30:00,Bangalore,Regular,6,100.8,1.2,Completed,UPI,4.2,Normal Revenue,Tuesday,19
286,23-02-2025,02:45:00,Mumbai,Premium,5,60,1,Completed,UPI,4.7,Normal Revenue,Sunday,2
287,24-02-2025,17:39:00,Hyderabad,Corporate,20,288,1.2,Completed,UPI,4.3,High Revenue,Monday,17
288,30-01-2025,18:57:00,Mumbai,Corporate,7,63,1,Completed,Cash,4.7,Normal Revenue,Thursday,18
289,22-02-2025,21:18:00,Pune,Corporate,12,144,1,Completed,Card,4.3,Normal Revenue,Saturday,21
290,04-03-2025,04:02:00,Bangalore,Regular,11,165,1.5,Completed,UPI,3.5,Normal Revenue,Tuesday,4
291,03-02-2025,18:23:00,Bangalore,Corporate,20,280,1,Completed,Cash,4.5,High Revenue,Monday,18
292,07-03-2025,03:16:00,Mumbai,Premium,17,382.5,1.5,Completed,UPI,4.4,High Revenue,Friday,3
293,14-01-2025,10:04:00,Hyderabad,Premium,14,210,1.5,Completed,UPI,3.8,High Revenue,Tuesday,10
294,29-01-2025,01:16:00,Bangalore,Regular,19,342,1.2,Completed,UPI,4.9,High Revenue,Wednesday,1
295,23-02-2025,23:06:00,Bangalore,Premium,8,134.4,1.2,Pending,UPI,4.6,Normal Revenue,Sunday,23
296,15-02-2025,11:32:00,Pune,Premium,2,31.2,1.2,Completed,Card,4.3,Normal Revenue,Saturday,11
297,14-01-2025,12:59:00,Hyderabad,Corporate,7,63,1,Completed,UPI,4.8,Normal Revenue,Tuesday,12
298,04-02-2025,02:27:00,Bangalore,Regular,20,260,1,Completed,Card,4.4,High Revenue,Tuesday,2
299,06-01-2025,18:17:00,Hyderabad,Corporate,11,198,1.2,Cancelled,Card,4.1,Normal Revenue,Monday,18
300,04-01-2025,21:06:00,Bangalore,Corporate,14,182,1,Pending,UPI,3.8,Normal Revenue,Saturday,21
301,19-01-2025,00:08:00,Bangalore,Corporate,13,171.6,1.2,Completed,Cash,3.8,Normal Revenue,Sunday,0
302,18-02-2025,16:29:00,Mumbai,Premium,4,84,1.5,Completed,UPI,3.9,Normal Revenue,Tuesday,16
303,13-01-2025,04:38:00,Pune,Regular,13,104,1,Pending,UPI,3.8,Normal Revenue,Monday,4
304,25-01-2025,11:50:00,Bangalore,Regular,8,115.2,1.2,Completed,Card,4.8,Normal Revenue,Saturday,11
305,09-03-2025,16:35:00,Bangalore,Regular,16,192,1.5,Completed,Card,4.7,Normal Revenue,Sunday,16
306,01-03-2025,08:18:00,Bangalore,Premium,15,210,1,Completed,Cash,4.7,High Revenue,Saturday,8
307,07-02-2025,21:02:00,Delhi,Premium,3,49.5,1.5,Completed,UPI,4.4,Normal Revenue,Friday,21
308,31-03-2025,08:45:00,Bangalore,Regular,7,92.4,1.2,Completed,UPI,3.6,Normal Revenue,Monday,8
309,13-01-2025,05:04:00,Pune,Corporate,12,270,1.5,Completed,UPI,5,High Revenue,Monday,5
310,18-02-2025,01:33:00,Hyderabad,Premium,6,135,1.5,Completed,Cash,4.2,Normal Revenue,Tuesday,1
311,30-01-2025,05:41:00,Mumbai,Regular,12,144,1,Cancelled,Cash,3.9,Normal Revenue,Thursday,5
312,15-02-2025,00:53:00,Mumbai,Corporate,20,288,1.2,Completed,UPI,4,High Revenue,Saturday,0
313,11-01-2025,23:15:00,Pune,Premium,12,234,1.5,Pending,Cash,4.3,High Revenue,Saturday,23
314,20-01-2025,03:17:00,Pune,Premium,4,67.2,1.2,Completed,UPI,3.9,Normal Revenue,Monday,3
315,07-01-2025,07:16:00,Delhi,Premium,18,378,1.5,Completed,UPI,3.7,High Revenue,Tuesday,7
316,10-01-2025,04:24:00,Delhi,Premium,7,92.4,1.2,Cancelled,UPI,4.6,Normal Revenue,Friday,4
317,05-02-2025,17:24:00,Delhi,Corporate,15,234,1.2,Completed,UPI,4.9,High Revenue,Wednesday,17
318,19-01-2025,12:25:00,Hyderabad,Corporate,13,202.8,1.2,Completed,Cash,4.1,High Revenue,Sunday,12
319,28-02-2025,06:14:00,Hyderabad,Premium,9,126,1,Completed,Cash,3.7,Normal Revenue,Friday,6
320,25-01-2025,23:09:00,Pune,Corporate,19,285,1,Completed,Card,4.8,High Revenue,Saturday,23
321,09-01-2025,14:56:00,Delhi,Regular,10,96,1.2,Completed,UPI,4.3,Normal Revenue,Thursday,14
322,14-01-2025,11:20:00,Pune,Premium,12,144,1.2,Completed,UPI,3.6,Normal Revenue,Tuesday,11
323,18-03-2025,08:49:00,Bangalore,Premium,10,100,1,Cancelled,Card,4.7,Normal Revenue,Tuesday,8
324,25-02-2025,06:16:00,Bangalore,Premium,12,115.2,1.2,Completed,UPI,4,Normal Revenue,Tuesday,6
325,10-02-2025,21:35:00,Mumbai,Premium,18,351,1.5,Completed,Card,3.7,High Revenue,Monday,21
326,21-02-2025,02:04:00,Hyderabad,Premium,5,40,1,Pending,Card,4.4,Normal Revenue,Friday,2
327,26-02-2025,07:08:00,Pune,Corporate,20,330,1.5,Completed,Cash,4.2,High Revenue,Wednesday,7
328,28-02-2025,01:23:00,Mumbai,Regular,3,63,1.5,Pending,UPI,4.6,Normal Revenue,Friday,1
329,13-03-2025,17:55:00,Pune,Premium,12,216,1.2,Cancelled,UPI,4.3,High Revenue,Thursday,17
330,05-02-2025,15:45:00,Delhi,Premium,18,234,1,Completed,Card,4.6,High Revenue,Wednesday,15
331,10-01-2025,21:51:00,Delhi,Premium,5,60,1.5,Pending,Card,4.8,Normal Revenue,Friday,21
332,08-02-2025,13:56:00,Bangalore,Corporate,9,118.8,1.2,Completed,Cash,4.1,Normal Revenue,Saturday,13
333,19-02-2025,08:10:00,Hyderabad,Premium,8,64,1,Completed,UPI,3.9,Normal Revenue,Wednesday,8
334,14-02-2025,03:05:00,Delhi,Regular,19,190,1,Completed,Cash,4,Normal Revenue,Friday,3
335,06-01-2025,17:16:00,Hyderabad,Regular,6,72,1.2,Cancelled,Cash,4,Normal Revenue,Monday,17
336,03-01-2025,17:44:00,Mumbai,Regular,5,84,1.2,Completed,UPI,4.5,Normal Revenue,Friday,17
337,21-01-2025,23:56:00,Mumbai,Corporate,12,156,1,Completed,UPI,3.8,Normal Revenue,Tuesday,23
338,16-01-2025,18:48:00,Hyderabad,Corporate,11,145.2,1.2,Completed,Cash,4.5,Normal Revenue,Thursday,18
339,13-03-2025,23:42:00,Mumbai,Corporate,14,189,1.5,Completed,Card,3.7,Normal Revenue,Thursday,23
340,02-02-2025,05:40:00,Hyderabad,Premium,4,52,1,Completed,Card,4.7,Normal Revenue,Sunday,5
341,02-02-2025,17:56:00,Hyderabad,Corporate,6,99,1.5,Cancelled,Card,4.5,Normal Revenue,Sunday,17
342,15-03-2025,10:19:00,Pune,Corporate,19,285,1.5,Completed,Card,3.7,High Revenue,Saturday,10
343,16-03-2025,12:17:00,Mumbai,Regular,11,231,1.5,Completed,Cash,4.6,High Revenue,Sunday,12
344,27-02-2025,20:00:00,Pune,Regular,16,240,1,Completed,UPI,3.6,High Revenue,Thursday,20
345,23-03-2025,12:55:00,Pune,Corporate,17,331.5,1.5,Completed,Card,3.6,High Revenue,Sunday,12
346,31-03-2025,17:58:00,Mumbai,Regular,16,360,1.5,Cancelled,Card,4.9,High Revenue,Monday,17
347,06-02-2025,23:07:00,Mumbai,Premium,4,43.2,1.2,Cancelled,Cash,4.3,Normal Revenue,Thursday,23
348,03-02-2025,01:45:00,Mumbai,Regular,17,229.5,1.5,Completed,UPI,4.4,High Revenue,Monday,1
349,20-02-2025,04:45:00,Pune,Premium,16,336,1.5,Completed,Cash,3.9,High Revenue,Thursday,4
350,13-02-2025,08:18:00,Hyderabad,Regular,6,66,1,Completed,UPI,4.3,Normal Revenue,Thursday,8
351,26-01-2025,12:36:00,Delhi,Regular,15,247.5,1.5,Completed,Card,4.8,High Revenue,Sunday,12
352,28-01-2025,19:01:00,Hyderabad,Regular,11,158.4,1.2,Completed,Cash,4.1,Normal Revenue,Tuesday,19
353,11-01-2025,18:17:00,Delhi,Corporate,10,96,1.2,Completed,UPI,3.9,Normal Revenue,Saturday,18
354,23-01-2025,19:53:00,Pune,Regular,19,152,1,Cancelled,UPI,3.7,Normal Revenue,Thursday,19
355,02-02-2025,05:11:00,Delhi,Premium,2,42,1.5,Completed,Card,3.9,Normal Revenue,Sunday,5
356,24-01-2025,17:19:00,Bangalore,Premium,14,182,1,Completed,Card,4,Normal Revenue,Friday,17
357,13-03-2025,11:08:00,Bangalore,Regular,9,108,1.2,Completed,Card,3.9,Normal Revenue,Thursday,11
358,11-03-2025,14:04:00,Hyderabad,Corporate,3,24,1,Cancelled,Cash,5,Normal Revenue,Tuesday,14
359,28-03-2025,13:50:00,Bangalore,Premium,2,28,1,Completed,Card,3.6,Normal Revenue,Friday,13
360,16-01-2025,19:50:00,Hyderabad,Regular,8,168,1.5,Cancelled,Cash,4.5,Normal Revenue,Thursday,19
361,15-02-2025,09:20:00,Pune,Regular,20,192,1.2,Completed,UPI,3.8,Normal Revenue,Saturday,9
362,21-03-2025,12:46:00,Mumbai,Regular,18,180,1,Completed,UPI,3.7,Normal Revenue,Friday,12
363,19-01-2025,05:59:00,Mumbai,Premium,3,45,1,Completed,UPI,3.8,Normal Revenue,Sunday,5
364,15-03-2025,11:00:00,Bangalore,Corporate,2,30,1,Completed,Cash,4.1,Normal Revenue,Saturday,11
365,18-01-2025,04:56:00,Hyderabad,Premium,5,67.5,1.5,Completed,UPI,4.4,Normal Revenue,Saturday,4
366,20-03-2025,17:35:00,Delhi,Regular,10,150,1,Completed,Card,3.7,Normal Revenue,Thursday,17
367,17-03-2025,12:46:00,Mumbai,Premium,13,202.8,1.2,Completed,Card,3.6,High Revenue,Monday,12
368,12-03-2025,19:41:00,Mumbai,Premium,11,132,1.2,Completed,UPI,3.7,Normal Revenue,Wednesday,19
369,11-03-2025,12:22:00,Delhi,Corporate,2,39,1.5,Completed,UPI,4.1,Normal Revenue,Tuesday,12
370,18-01-2025,12:05:00,Delhi,Regular,2,24,1.2,Completed,Card,4.8,Normal Revenue,Saturday,12
371,25-03-2025,03:16:00,Bangalore,Corporate,8,115.2,1.2,Pending,Cash,5,Normal Revenue,Tuesday,3
372,27-03-2025,22:57:00,Mumbai,Corporate,10,180,1.5,Pending,UPI,4.1,Normal Revenue,Thursday,22
373,02-01-2025,07:44:00,Mumbai,Corporate,15,216,1.2,Completed,Cash,5,High Revenue,Thursday,7
374,05-03-2025,00:30:00,Pune,Regular,11,88,1,Completed,Cash,3.7,Normal Revenue,Wednesday,0
375,12-03-2025,19:46:00,Delhi,Regular,7,105,1,Cancelled,Cash,5,Normal Revenue,Wednesday,19
376,12-03-2025,20:46:00,Bangalore,Premium,6,100.8,1.2,Pending,Cash,4.2,Normal Revenue,Wednesday,20
377,12-01-2025,02:32:00,Bangalore,Regular,2,24,1.2,Completed,Cash,4.1,Normal Revenue,Sunday,2
378,16-03-2025,13:10:00,Pune,Corporate,2,39,1.5,Completed,Cash,4.7,Normal Revenue,Sunday,13
379,26-03-2025,12:19:00,Pune,Corporate,8,168,1.5,Completed,Cash,4.8,Normal Revenue,Wednesday,12
380,24-01-2025,17:15:00,Pune,Premium,2,26,1,Pending,UPI,4.5,Normal Revenue,Friday,17
381,08-02-2025,13:02:00,Hyderabad,Premium,17,204,1.2,Cancelled,Card,3.9,High Revenue,Saturday,13
382,31-03-2025,13:47:00,Pune,Corporate,4,48,1,Completed,Card,4.8,Normal Revenue,Monday,13
383,02-03-2025,03:38:00,Mumbai,Regular,11,171.6,1.2,Completed,Cash,3.8,Normal Revenue,Sunday,3
384,05-01-2025,22:06:00,Hyderabad,Premium,19,228,1,Completed,UPI,3.5,High Revenue,Sunday,22
385,21-03-2025,00:58:00,Pune,Regular,4,52.8,1.2,Pending,Card,4,Normal Revenue,Friday,0
386,18-01-2025,20:23:00,Hyderabad,Regular,9,202.5,1.5,Completed,Card,4.6,High Revenue,Saturday,20
387,17-02-2025,18:09:00,Delhi,Premium,4,44,1,Completed,Cash,4,Normal Revenue,Monday,18
388,08-02-2025,13:35:00,Delhi,Premium,18,144,1,Completed,Cash,3.6,Normal Revenue,Saturday,13
389,21-01-2025,06:06:00,Bangalore,Regular,13,156,1.2,Cancelled,UPI,3.5,Normal Revenue,Tuesday,6
390,05-03-2025,03:12:00,Bangalore,Regular,13,234,1.2,Cancelled,UPI,4,High Revenue,Wednesday,3
391,19-03-2025,01:09:00,Pune,Corporate,10,80,1,Completed,Cash,4.1,Normal Revenue,Wednesday,1
392,16-01-2025,04:12:00,Mumbai,Corporate,17,331.5,1.5,Completed,Card,4,High Revenue,Thursday,4
393,09-01-2025,08:21:00,Mumbai,Premium,5,66,1.2,Completed,UPI,3.9,Normal Revenue,Thursday,8
394,18-03-2025,20:16:00,Mumbai,Premium,19,152,1,Completed,Cash,4.6,Normal Revenue,Tuesday,20
395,25-01-2025,12:12:00,Hyderabad,Corporate,7,70,1,Completed,Cash,4.2,Normal Revenue,Saturday,12
396,28-01-2025,09:58:00,Delhi,Premium,2,21.6,1.2,Completed,Card,3.7,Normal Revenue,Tuesday,9
397,12-01-2025,01:29:00,Mumbai,Regular,10,135,1.5,Pending,Card,4.3,Normal Revenue,Sunday,1
398,05-01-2025,21:10:00,Mumbai,Corporate,5,45,1,Cancelled,Card,4.2,Normal Revenue,Sunday,21
399,18-01-2025,06:53:00,Mumbai,Premium,10,130,1,Completed,UPI,4.4,Normal Revenue,Saturday,6
400,14-03-2025,11:38:00,Delhi,Premium,15,135,1,Completed,UPI,3.5,Normal Revenue,Friday,11
401,30-03-2025,05:52:00,Mumbai,Premium,15,180,1,Completed,UPI,3.6,Normal Revenue,Sunday,5
402,23-01-2025,22:41:00,Delhi,Regular,7,147,1.5,Completed,UPI,4.1,Normal Revenue,Thursday,22
403,20-01-2025,22:03:00,Bangalore,Corporate,20,260,1,Completed,UPI,4.9,High Revenue,Monday,22
404,09-03-2025,21:42:00,Hyderabad,Regular,8,96,1.5,Completed,UPI,4.9,Normal Revenue,Sunday,21
405,28-02-2025,14:47:00,Delhi,Premium,14,252,1.2,Completed,Card,3.6,High Revenue,Friday,14
406,02-02-2025,19:32:00,Hyderabad,Premium,15,135,1,Completed,Cash,3.6,Normal Revenue,Sunday,19
407,05-01-2025,11:46:00,Delhi,Regular,2,24,1.5,Completed,Card,4.4,Normal Revenue,Sunday,11
408,25-03-2025,02:58:00,Hyderabad,Regular,16,144,1,Completed,Cash,4,Normal Revenue,Tuesday,2
409,31-03-2025,11:45:00,Pune,Corporate,4,56,1,Completed,Card,3.9,Normal Revenue,Monday,11
410,22-02-2025,22:41:00,Mumbai,Corporate,12,144,1.5,Completed,Cash,4.1,Normal Revenue,Saturday,22
411,08-02-2025,10:09:00,Delhi,Premium,4,66,1.5,Completed,UPI,3.8,Normal Revenue,Saturday,10
412,14-02-2025,19:44:00,Bangalore,Regular,20,312,1.2,Completed,Card,3.7,High Revenue,Friday,19
413,02-03-2025,23:11:00,Delhi,Premium,18,324,1.5,Completed,Card,4.8,High Revenue,Sunday,23
414,06-02-2025,02:55:00,Delhi,Regular,14,252,1.2,Completed,Card,4.3,High Revenue,Thursday,2
415,11-02-2025,07:48:00,Mumbai,Corporate,18,270,1,Completed,UPI,5,High Revenue,Tuesday,7
416,06-01-2025,23:57:00,Mumbai,Premium,7,109.2,1.2,Pending,UPI,4.5,Normal Revenue,Monday,23
417,28-01-2025,04:25:00,Bangalore,Regular,18,252,1,Pending,UPI,4.7,High Revenue,Tuesday,4
418,21-01-2025,21:14:00,Hyderabad,Corporate,9,108,1,Completed,Cash,4.1,Normal Revenue,Tuesday,21
419,05-03-2025,14:56:00,Hyderabad,Corporate,3,32.4,1.2,Completed,UPI,4,Normal Revenue,Wednesday,14
420,14-03-2025,01:38:00,Hyderabad,Corporate,4,52,1,Completed,UPI,3.9,Normal Revenue,Friday,1
421,14-02-2025,21:30:00,Bangalore,Regular,10,140,1,Cancelled,UPI,3.5,Normal Revenue,Friday,21
422,24-02-2025,18:43:00,Delhi,Premium,20,216,1.2,Completed,Cash,4.1,High Revenue,Monday,18
423,31-03-2025,18:42:00,Pune,Regular,6,72,1.2,Completed,Card,4.2,Normal Revenue,Monday,18
424,03-03-2025,17:18:00,Delhi,Corporate,19,342,1.2,Completed,UPI,4.5,High Revenue,Monday,17
425,14-02-2025,22:42:00,Mumbai,Premium,20,240,1,Cancelled,Cash,4.6,High Revenue,Friday,22
426,22-02-2025,11:28:00,Pune,Regular,19,399,1.5,Completed,Card,3.9,High Revenue,Saturday,11
427,04-03-2025,20:32:00,Mumbai,Regular,15,292.5,1.5,Cancelled,Card,3.7,High Revenue,Tuesday,20
428,02-03-2025,12:45:00,Hyderabad,Premium,20,360,1.2,Cancelled,Cash,4.1,High Revenue,Sunday,12
429,21-01-2025,23:44:00,Bangalore,Premium,11,247.5,1.5,Pending,Cash,3.9,High Revenue,Tuesday,23
430,31-01-2025,23:15:00,Hyderabad,Corporate,17,280.5,1.5,Completed,UPI,3.7,High Revenue,Friday,23
431,04-03-2025,13:45:00,Delhi,Regular,8,144,1.5,Completed,Cash,4.7,Normal Revenue,Tuesday,13
432,25-03-2025,12:29:00,Pune,Corporate,4,57.6,1.2,Completed,Cash,4.6,Normal Revenue,Tuesday,12
433,15-01-2025,19:21:00,Bangalore,Corporate,14,252,1.2,Completed,UPI,4.7,High Revenue,Wednesday,19
434,25-02-2025,04:30:00,Pune,Corporate,19,399,1.5,Completed,UPI,4.6,High Revenue,Tuesday,4
435,12-01-2025,22:12:00,Mumbai,Premium,12,115.2,1.2,Completed,UPI,4.7,Normal Revenue,Sunday,22
436,17-03-2025,13:59:00,Mumbai,Premium,12,172.8,1.2,Completed,Cash,3.6,Normal Revenue,Monday,13
437,07-03-2025,07:35:00,Bangalore,Corporate,14,235.2,1.2,Cancelled,Cash,3.9,High Revenue,Friday,7
438,08-01-2025,00:42:00,Mumbai,Regular,14,210,1.5,Pending,Cash,4.6,High Revenue,Wednesday,0
439,05-01-2025,05:16:00,Mumbai,Premium,19,205.2,1.2,Completed,Cash,4,High Revenue,Sunday,5
440,08-03-2025,13:20:00,Bangalore,Premium,4,90,1.5,Completed,Card,3.8,Normal Revenue,Saturday,13
441,23-01-2025,07:29:00,Delhi,Premium,19,399,1.5,Completed,UPI,4.7,High Revenue,Thursday,7
442,15-02-2025,08:35:00,Bangalore,Regular,3,54,1.2,Cancelled,UPI,3.8,Normal Revenue,Saturday,8
443,27-02-2025,12:52:00,Delhi,Corporate,10,120,1,Completed,Cash,4.4,Normal Revenue,Thursday,12
444,06-02-2025,09:26:00,Hyderabad,Regular,9,108,1.2,Completed,Cash,4.7,Normal Revenue,Thursday,9
445,04-01-2025,12:40:00,Delhi,Premium,18,243,1.5,Completed,Cash,4.6,High Revenue,Saturday,12
446,03-02-2025,05:17:00,Delhi,Regular,18,324,1.2,Completed,Cash,3.5,High Revenue,Monday,5
447,03-01-2025,19:35:00,Hyderabad,Regular,15,234,1.2,Pending,Cash,4.1,High Revenue,Friday,19
448,12-02-2025,11:33:00,Hyderabad,Regular,4,60,1.5,Completed,UPI,4.1,Normal Revenue,Wednesday,11
449,28-01-2025,19:09:00,Hyderabad,Regular,20,450,1.5,Completed,Cash,4.3,High Revenue,Tuesday,19
450,26-03-2025,20:45:00,Pune,Regular,7,63,1,Pending,Card,5,Normal Revenue,Wednesday,20
451,04-02-2025,02:50:00,Delhi,Corporate,18,216,1,Completed,Card,4.2,High Revenue,Tuesday,2
452,07-02-2025,08:09:00,Pune,Regular,11,198,1.5,Completed,Card,3.7,Normal Revenue,Friday,8
453,04-03-2025,12:00:00,Delhi,Regular,15,120,1,Completed,Cash,4.1,Normal Revenue,Tuesday,12
454,09-03-2025,05:23:00,Delhi,Corporate,18,405,1.5,Completed,UPI,3.8,High Revenue,Sunday,5
455,19-01-2025,00:48:00,Bangalore,Corporate,9,121.5,1.5,Cancelled,UPI,4,Normal Revenue,Sunday,0
456,19-01-2025,14:17:00,Pune,Corporate,5,67.5,1.5,Completed,UPI,4,Normal Revenue,Sunday,14
457,06-01-2025,21:27:00,Mumbai,Premium,18,234,1,Completed,Card,4,High Revenue,Monday,21
458,01-01-2025,22:08:00,Bangalore,Premium,19,209,1,Completed,Card,4.8,High Revenue,Wednesday,22
459,25-01-2025,07:51:00,Delhi,Premium,11,247.5,1.5,Completed,Card,4.6,High Revenue,Saturday,7
460,24-01-2025,22:46:00,Delhi,Regular,16,172.8,1.2,Completed,UPI,4.3,Normal Revenue,Friday,22
461,12-02-2025,22:12:00,Pune,Corporate,19,427.5,1.5,Completed,Card,4.7,High Revenue,Wednesday,22
462,07-01-2025,14:15:00,Hyderabad,Corporate,15,225,1,Cancelled,Card,4.7,High Revenue,Tuesday,14
463,15-03-2025,13:38:00,Delhi,Premium,18,270,1.5,Completed,Cash,3.8,High Revenue,Saturday,13
464,05-02-2025,10:50:00,Mumbai,Regular,19,250.8,1.2,Completed,Card,3.9,High Revenue,Wednesday,10
465,14-01-2025,06:11:00,Mumbai,Regular,2,27,1.5,Completed,Cash,4.4,Normal Revenue,Tuesday,6
466,03-01-2025,02:06:00,Delhi,Premium,4,72,1.5,Completed,Cash,4.7,Normal Revenue,Friday,2
467,23-03-2025,16:32:00,Hyderabad,Corporate,3,40.5,1.5,Completed,Card,4.7,Normal Revenue,Sunday,16
468,20-01-2025,09:15:00,Mumbai,Premium,12,216,1.5,Completed,Card,4,High Revenue,Monday,9
469,02-03-2025,23:32:00,Hyderabad,Premium,4,40,1,Completed,Cash,4.6,Normal Revenue,Sunday,23
470,18-02-2025,01:27:00,Pune,Corporate,17,306,1.2,Cancelled,UPI,4.4,High Revenue,Tuesday,1
471,17-03-2025,18:53:00,Bangalore,Regular,20,270,1.5,Completed,Cash,4.7,High Revenue,Monday,18
472,28-02-2025,19:08:00,Pune,Regular,16,288,1.5,Completed,Cash,3.7,High Revenue,Friday,19
473,12-02-2025,06:15:00,Bangalore,Regular,20,160,1,Completed,Cash,4,Normal Revenue,Wednesday,6
474,23-01-2025,06:27:00,Mumbai,Premium,16,360,1.5,Completed,Card,3.5,High Revenue,Thursday,6
475,24-01-2025,12:02:00,Mumbai,Corporate,17,136,1,Completed,Card,4.7,Normal Revenue,Friday,12
476,22-01-2025,09:30:00,Mumbai,Corporate,9,81,1,Cancelled,Cash,4.8,Normal Revenue,Wednesday,9
477,28-02-2025,22:33:00,Hyderabad,Regular,4,43.2,1.2,Pending,UPI,4,Normal Revenue,Friday,22
478,06-02-2025,20:18:00,Hyderabad,Regular,18,252,1,Completed,Card,4.6,High Revenue,Thursday,20
479,18-03-2025,05:10:00,Mumbai,Corporate,14,252,1.2,Completed,Cash,4.6,High Revenue,Tuesday,5
480,12-03-2025,10:50:00,Mumbai,Corporate,7,109.2,1.2,Completed,UPI,4.9,Normal Revenue,Wednesday,10
481,07-03-2025,08:33:00,Delhi,Corporate,8,64,1,Completed,Cash,3.7,Normal Revenue,Friday,8
482,28-03-2025,06:23:00,Delhi,Regular,16,288,1.5,Completed,Card,4.4,High Revenue,Friday,6
483,04-02-2025,01:45:00,Mumbai,Corporate,14,218.4,1.2,Completed,Cash,4.3,High Revenue,Tuesday,1
484,24-02-2025,09:20:00,Delhi,Corporate,5,105,1.5,Pending,UPI,3.6,Normal Revenue,Monday,9
485,18-02-2025,20:52:00,Delhi,Premium,12,144,1,Completed,Cash,4.3,Normal Revenue,Tuesday,20
486,09-03-2025,06:24:00,Pune,Regular,18,198,1,Completed,Cash,3.9,Normal Revenue,Sunday,6
487,09-02-2025,19:26:00,Mumbai,Premium,6,66,1,Completed,UPI,4.2,Normal Revenue,Sunday,19
488,04-03-2025,10:47:00,Hyderabad,Regular,8,115.2,1.2,Completed,UPI,4.6,Normal Revenue,Tuesday,10
489,22-02-2025,16:32:00,Mumbai,Premium,12,180,1,Completed,Cash,4.1,Normal Revenue,Saturday,16
490,12-02-2025,06:40:00,Mumbai,Corporate,9,126,1,Completed,Card,3.6,Normal Revenue,Wednesday,6
491,04-02-2025,09:50:00,Bangalore,Corporate,11,198,1.2,Pending,Card,4.9,Normal Revenue,Tuesday,9
492,01-02-2025,01:49:00,Mumbai,Regular,19,152,1,Completed,UPI,4.4,Normal Revenue,Saturday,1
493,25-02-2025,16:44:00,Delhi,Corporate,19,427.5,1.5,Completed,UPI,3.6,High Revenue,Tuesday,16
494,03-01-2025,12:26:00,Mumbai,Regular,12,172.8,1.2,Pending,UPI,4.5,Normal Revenue,Friday,12
495,18-02-2025,11:04:00,Delhi,Corporate,4,66,1.5,Completed,UPI,4.6,Normal Revenue,Tuesday,11
496,10-03-2025,00:42:00,Mumbai,Regular,7,105,1,Completed,Cash,4.6,Normal Revenue,Monday,0
497,06-02-2025,02:17:00,Bangalore,Regular,9,175.5,1.5,Completed,Card,4.8,Normal Revenue,Thursday,2
498,23-02-2025,07:22:00,Bangalore,Corporate,14,168,1,Cancelled,Cash,4.7,Normal Revenue,Sunday,7
499,16-03-2025,17:56:00,Hyderabad,Corporate,4,54,1.5,Cancelled,Cash,4.4,Normal Revenue,Sunday,17
500,16-03-2025,22:37:00,Delhi,Regular,8,120,1.5,Cancelled,Cash,4.2,Normal Revenue,Sunday,22
501,20-03-2025,06:49:00,Hyderabad,Corporate,18,172.8,1.2,Cancelled,Card,4.4,Normal Revenue,Thursday,6
502,13-03-2025,12:32:00,Delhi,Regular,2,31.2,1.2,Cancelled,Card,4.8,Normal Revenue,Thursday,12
503,07-02-2025,11:28:00,Delhi,Premium,15,150,1,Completed,Card,3.8,Normal Revenue,Friday,11
504,28-02-2025,13:03:00,Delhi,Regular,9,140.4,1.2,Completed,UPI,4,Normal Revenue,Friday,13
505,18-03-2025,07:09:00,Mumbai,Premium,12,129.6,1.2,Completed,Card,4.6,Normal Revenue,Tuesday,7
506,06-01-2025,06:00:00,Hyderabad,Premium,9,86.4,1.2,Completed,UPI,3.9,Normal Revenue,Monday,6
507,13-01-2025,08:07:00,Pune,Premium,15,225,1.5,Completed,UPI,3.9,High Revenue,Monday,8
508,04-02-2025,10:03:00,Bangalore,Regular,15,202.5,1.5,Completed,UPI,3.8,High Revenue,Tuesday,10
509,23-02-2025,11:58:00,Pune,Corporate,11,132,1,Pending,Card,4.9,Normal Revenue,Sunday,11
510,31-03-2025,09:32:00,Pune,Corporate,10,168,1.2,Completed,Cash,4,Normal Revenue,Monday,9
511,28-02-2025,00:04:00,Mumbai,Corporate,14,151.2,1.2,Cancelled,UPI,4.4,Normal Revenue,Friday,0
512,11-03-2025,03:24:00,Bangalore,Corporate,6,135,1.5,Completed,Cash,3.8,Normal Revenue,Tuesday,3
513,22-01-2025,11:55:00,Delhi,Regular,16,128,1,Completed,Cash,4.4,Normal Revenue,Wednesday,11
514,17-03-2025,11:10:00,Hyderabad,Premium,13,143,1,Completed,UPI,5,Normal Revenue,Monday,11
515,24-01-2025,09:26:00,Mumbai,Regular,7,105,1.5,Cancelled,Cash,4.6,Normal Revenue,Friday,9
516,13-03-2025,15:28:00,Mumbai,Premium,15,198,1.2,Cancelled,Cash,4.4,Normal Revenue,Thursday,15
517,11-02-2025,14:49:00,Mumbai,Regular,10,108,1.2,Completed,Cash,4.5,Normal Revenue,Tuesday,14
518,06-03-2025,05:03:00,Bangalore,Premium,5,50,1,Cancelled,Card,4.5,Normal Revenue,Thursday,5
519,12-03-2025,04:22:00,Pune,Corporate,4,62.4,1.2,Completed,Cash,4,Normal Revenue,Wednesday,4
520,14-01-2025,20:37:00,Bangalore,Regular,16,160,1,Completed,UPI,4,Normal Revenue,Tuesday,20
521,11-01-2025,21:47:00,Delhi,Premium,4,78,1.5,Completed,UPI,4.2,Normal Revenue,Saturday,21
522,30-01-2025,09:25:00,Mumbai,Corporate,2,39,1.5,Completed,UPI,3.8,Normal Revenue,Thursday,9
523,30-01-2025,13:21:00,Pune,Premium,3,40.5,1.5,Completed,Cash,4,Normal Revenue,Thursday,13
524,19-01-2025,02:39:00,Pune,Corporate,12,158.4,1.2,Completed,UPI,3.9,Normal Revenue,Sunday,2
525,08-02-2025,00:24:00,Bangalore,Corporate,6,126,1.5,Completed,UPI,4.9,Normal Revenue,Saturday,0
526,02-02-2025,08:14:00,Pune,Corporate,4,40,1,Completed,Card,4.3,Normal Revenue,Sunday,8
527,05-03-2025,02:39:00,Mumbai,Premium,5,54,1.2,Cancelled,UPI,4,Normal Revenue,Wednesday,2
528,12-01-2025,19:35:00,Hyderabad,Regular,11,132,1.5,Completed,UPI,3.8,Normal Revenue,Sunday,19
529,07-01-2025,19:46:00,Pune,Premium,6,66,1,Completed,Card,4.8,Normal Revenue,Tuesday,19
530,13-01-2025,22:54:00,Hyderabad,Regular,12,187.2,1.2,Cancelled,UPI,4.2,Normal Revenue,Monday,22
531,23-03-2025,14:41:00,Delhi,Corporate,19,313.5,1.5,Completed,Card,4.7,High Revenue,Sunday,14
532,28-02-2025,17:42:00,Delhi,Premium,13,292.5,1.5,Completed,UPI,4.2,High Revenue,Friday,17
533,21-01-2025,00:10:00,Delhi,Corporate,17,255,1.5,Cancelled,UPI,4.3,High Revenue,Tuesday,0
534,14-03-2025,01:21:00,Delhi,Regular,13,124.8,1.2,Completed,UPI,3.9,Normal Revenue,Friday,1
535,24-02-2025,11:52:00,Mumbai,Regular,2,24,1.2,Completed,Card,3.8,Normal Revenue,Monday,11
536,31-01-2025,01:53:00,Bangalore,Regular,11,198,1.5,Completed,UPI,4,Normal Revenue,Friday,1
537,21-02-2025,03:13:00,Pune,Corporate,3,36,1.5,Cancelled,Card,4.3,Normal Revenue,Friday,3
538,25-03-2025,01:46:00,Bangalore,Regular,16,192,1.5,Pending,UPI,4.6,Normal Revenue,Tuesday,1
539,10-01-2025,21:18:00,Delhi,Premium,18,302.4,1.2,Completed,Cash,3.8,High Revenue,Friday,21
540,01-01-2025,13:34:00,Delhi,Corporate,19,256.5,1.5,Completed,Card,4.2,High Revenue,Wednesday,13
541,03-02-2025,01:33:00,Mumbai,Regular,15,292.5,1.5,Cancelled,Cash,4.6,High Revenue,Monday,1
542,26-01-2025,06:57:00,Pune,Corporate,19,296.4,1.2,Completed,Cash,3.9,High Revenue,Sunday,6
543,06-02-2025,12:14:00,Delhi,Regular,20,300,1.5,Completed,Cash,4.1,High Revenue,Thursday,12
544,26-03-2025,14:53:00,Mumbai,Corporate,5,60,1,Cancelled,UPI,3.8,Normal Revenue,Wednesday,14
545,11-02-2025,05:49:00,Mumbai,Premium,5,90,1.5,Completed,Card,4,Normal Revenue,Tuesday,5
546,19-02-2025,17:49:00,Pune,Premium,10,150,1.5,Completed,Cash,3.9,Normal Revenue,Wednesday,17
547,17-02-2025,21:28:00,Pune,Regular,2,19.2,1.2,Cancelled,UPI,4.4,Normal Revenue,Monday,21
548,03-03-2025,21:49:00,Pune,Regular,17,306,1.5,Cancelled,Card,4.5,High Revenue,Monday,21
549,22-03-2025,09:59:00,Hyderabad,Corporate,9,108,1.2,Cancelled,UPI,4.6,Normal Revenue,Saturday,9
550,29-01-2025,02:50:00,Mumbai,Corporate,18,162,1,Completed,Card,4.5,Normal Revenue,Wednesday,2
551,04-02-2025,21:48:00,Delhi,Premium,12,144,1.5,Completed,UPI,3.9,Normal Revenue,Tuesday,21
552,24-02-2025,20:51:00,Bangalore,Regular,10,195,1.5,Completed,UPI,4.6,Normal Revenue,Monday,20
553,26-01-2025,21:59:00,Bangalore,Corporate,14,210,1,Cancelled,Cash,4.2,High Revenue,Sunday,21
554,07-03-2025,06:20:00,Hyderabad,Corporate,17,306,1.5,Completed,UPI,3.9,High Revenue,Friday,6
555,07-03-2025,13:58:00,Pune,Regular,15,270,1.2,Completed,Card,4,High Revenue,Friday,13
556,20-03-2025,18:33:00,Bangalore,Regular,2,24,1.5,Completed,Cash,5,Normal Revenue,Thursday,18
557,05-03-2025,21:44:00,Hyderabad,Premium,11,184.8,1.2,Completed,Cash,4.4,Normal Revenue,Wednesday,21
558,06-01-2025,02:08:00,Pune,Regular,9,202.5,1.5,Completed,UPI,4.9,High Revenue,Monday,2
559,26-02-2025,22:10:00,Hyderabad,Corporate,9,108,1.2,Cancelled,UPI,3.7,Normal Revenue,Wednesday,22
560,08-03-2025,13:06:00,Mumbai,Premium,13,156,1.5,Completed,Card,4.1,Normal Revenue,Saturday,13
561,01-02-2025,03:08:00,Delhi,Regular,20,220,1,Completed,Card,4.5,High Revenue,Saturday,3
562,31-03-2025,20:03:00,Delhi,Regular,2,33.6,1.2,Pending,Cash,4.5,Normal Revenue,Monday,20
563,16-02-2025,10:44:00,Pune,Regular,3,50.4,1.2,Completed,Cash,4.1,Normal Revenue,Sunday,10
564,24-01-2025,03:30:00,Delhi,Corporate,16,240,1,Pending,Card,4.7,High Revenue,Friday,3
565,09-01-2025,23:37:00,Mumbai,Corporate,15,180,1.5,Completed,Cash,4.5,Normal Revenue,Thursday,23
566,20-03-2025,01:36:00,Hyderabad,Premium,16,240,1,Completed,UPI,3.9,High Revenue,Thursday,1
567,10-02-2025,04:50:00,Hyderabad,Premium,19,285,1.5,Pending,Card,4.9,High Revenue,Monday,4
568,16-03-2025,04:39:00,Mumbai,Corporate,16,224,1,Completed,Cash,4.8,High Revenue,Sunday,4
569,19-02-2025,18:02:00,Hyderabad,Regular,18,216,1,Completed,Card,3.9,High Revenue,Wednesday,18
570,19-02-2025,01:12:00,Mumbai,Premium,5,40,1,Completed,Card,4.6,Normal Revenue,Wednesday,1
571,02-03-2025,23:41:00,Mumbai,Premium,5,65,1,Completed,Card,4.6,Normal Revenue,Sunday,23
572,04-03-2025,07:23:00,Delhi,Regular,20,240,1,Completed,UPI,3.8,High Revenue,Tuesday,7
573,04-01-2025,00:56:00,Hyderabad,Premium,2,31.2,1.2,Completed,Cash,4.8,Normal Revenue,Saturday,0
574,29-03-2025,15:15:00,Hyderabad,Corporate,8,112,1,Completed,Cash,3.9,Normal Revenue,Saturday,15
575,28-02-2025,14:34:00,Bangalore,Premium,19,247,1,Pending,UPI,4.4,High Revenue,Friday,14
576,04-01-2025,20:05:00,Hyderabad,Regular,12,234,1.5,Pending,Card,3.7,High Revenue,Saturday,20
577,05-03-2025,23:09:00,Delhi,Premium,16,268.8,1.2,Completed,Card,4.4,High Revenue,Wednesday,23
578,16-02-2025,00:31:00,Delhi,Corporate,8,168,1.5,Completed,Card,4,Normal Revenue,Sunday,0
579,23-01-2025,16:46:00,Pune,Premium,12,187.2,1.2,Completed,Cash,3.5,Normal Revenue,Thursday,16
580,23-01-2025,17:44:00,Mumbai,Premium,9,189,1.5,Completed,UPI,3.6,Normal Revenue,Thursday,17
581,16-01-2025,21:45:00,Delhi,Premium,2,33,1.5,Completed,Card,3.5,Normal Revenue,Thursday,21
582,30-01-2025,06:20:00,Delhi,Regular,3,49.5,1.5,Completed,UPI,3.9,Normal Revenue,Thursday,6
583,15-03-2025,04:14:00,Hyderabad,Premium,3,39.6,1.2,Completed,Cash,5,Normal Revenue,Saturday,4
584,30-01-2025,05:29:00,Delhi,Regular,12,180,1,Pending,Cash,3.9,Normal Revenue,Thursday,5
585,22-02-2025,18:27:00,Pune,Corporate,16,268.8,1.2,Completed,UPI,3.7,High Revenue,Saturday,18
586,08-01-2025,19:49:00,Hyderabad,Corporate,15,225,1,Completed,Cash,3.8,High Revenue,Wednesday,19
587,03-02-2025,18:49:00,Pune,Premium,13,195,1.5,Completed,UPI,4.8,Normal Revenue,Monday,18
588,30-01-2025,17:34:00,Hyderabad,Corporate,20,200,1,Completed,Card,4.4,Normal Revenue,Thursday,17
589,24-03-2025,06:04:00,Pune,Corporate,7,98,1,Completed,Card,5,Normal Revenue,Monday,6
590,01-01-2025,22:53:00,Mumbai,Premium,15,270,1.2,Cancelled,Cash,4.7,High Revenue,Wednesday,22
591,03-02-2025,20:07:00,Pune,Corporate,2,28,1,Completed,Card,4.7,Normal Revenue,Monday,20
592,28-01-2025,22:15:00,Bangalore,Regular,8,64,1,Completed,Card,3.6,Normal Revenue,Tuesday,22
593,31-01-2025,02:50:00,Pune,Regular,11,184.8,1.2,Completed,UPI,4,Normal Revenue,Friday,2
594,16-01-2025,06:29:00,Mumbai,Regular,16,312,1.5,Completed,UPI,4.8,High Revenue,Thursday,6
595,29-01-2025,20:07:00,Delhi,Premium,12,172.8,1.2,Cancelled,UPI,4.9,Normal Revenue,Wednesday,20
596,02-03-2025,08:52:00,Mumbai,Corporate,13,182,1,Completed,Cash,3.7,Normal Revenue,Sunday,8
597,28-01-2025,21:25:00,Hyderabad,Corporate,4,38.4,1.2,Completed,Cash,4,Normal Revenue,Tuesday,21
598,08-02-2025,17:55:00,Bangalore,Regular,7,157.5,1.5,Completed,UPI,4.3,Normal Revenue,Saturday,17
599,09-01-2025,01:00:00,Delhi,Regular,12,172.8,1.2,Completed,UPI,4.6,Normal Revenue,Thursday,1
600,11-01-2025,16:12:00,Bangalore,Premium,8,96,1,Completed,Cash,3.5,Normal Revenue,Saturday,16
601,13-02-2025,21:07:00,Delhi,Premium,14,151.2,1.2,Completed,Cash,3.7,Normal Revenue,Thursday,21
602,01-01-2025,22:23:00,Hyderabad,Premium,19,273.6,1.2,Completed,Card,4.6,High Revenue,Wednesday,22
603,28-02-2025,04:31:00,Delhi,Regular,8,180,1.5,Completed,Cash,3.6,Normal Revenue,Friday,4
604,05-01-2025,18:49:00,Delhi,Corporate,3,39,1,Completed,UPI,4.6,Normal Revenue,Sunday,18
605,22-03-2025,04:49:00,Hyderabad,Premium,19,190,1,Cancelled,UPI,3.5,Normal Revenue,Saturday,4
606,18-03-2025,16:42:00,Bangalore,Regular,12,216,1.5,Completed,Card,3.5,High Revenue,Tuesday,16
607,06-01-2025,08:53:00,Delhi,Corporate,15,135,1,Completed,Cash,3.8,Normal Revenue,Monday,8
608,10-01-2025,02:24:00,Hyderabad,Premium,13,214.5,1.5,Completed,Cash,3.6,High Revenue,Friday,2
609,10-02-2025,06:28:00,Bangalore,Regular,14,231,1.5,Cancelled,Card,4.3,High Revenue,Monday,6
610,14-03-2025,03:03:00,Bangalore,Regular,14,154,1,Cancelled,UPI,4,Normal Revenue,Friday,3
611,07-02-2025,18:01:00,Hyderabad,Regular,18,270,1.5,Completed,Cash,4.8,High Revenue,Friday,18
612,22-01-2025,06:01:00,Mumbai,Regular,16,208,1,Completed,Card,4.7,High Revenue,Wednesday,6
613,27-03-2025,18:27:00,Bangalore,Premium,20,216,1.2,Completed,Card,4.3,High Revenue,Thursday,18
614,22-03-2025,06:33:00,Pune,Premium,5,90,1.2,Cancelled,Cash,4.2,Normal Revenue,Saturday,6
615,26-01-2025,18:18:00,Mumbai,Corporate,5,82.5,1.5,Completed,Cash,3.6,Normal Revenue,Sunday,18
616,27-03-2025,04:12:00,Delhi,Corporate,7,92.4,1.2,Completed,UPI,3.5,Normal Revenue,Thursday,4
617,23-03-2025,15:38:00,Mumbai,Corporate,5,60,1.2,Completed,Cash,4.8,Normal Revenue,Sunday,15
618,06-01-2025,04:06:00,Delhi,Corporate,7,70,1,Completed,Cash,4.4,Normal Revenue,Monday,4
619,14-01-2025,08:59:00,Hyderabad,Corporate,13,273,1.5,Completed,Card,4.6,High Revenue,Tuesday,8
620,21-01-2025,14:14:00,Mumbai,Premium,14,168,1,Completed,UPI,3.5,Normal Revenue,Tuesday,14
621,03-02-2025,11:04:00,Delhi,Regular,7,115.5,1.5,Completed,UPI,3.6,Normal Revenue,Monday,11
622,07-03-2025,01:15:00,Hyderabad,Regular,19,190,1,Completed,Card,4.8,Normal Revenue,Friday,1
623,10-03-2025,13:07:00,Hyderabad,Premium,7,84,1,Completed,UPI,3.5,Normal Revenue,Monday,13
624,08-01-2025,09:09:00,Bangalore,Corporate,5,75,1.5,Cancelled,UPI,3.5,Normal Revenue,Wednesday,9
625,26-01-2025,10:16:00,Bangalore,Regular,6,79.2,1.2,Completed,Card,4.4,Normal Revenue,Sunday,10
626,09-01-2025,05:19:00,Hyderabad,Regular,7,117.6,1.2,Pending,UPI,3.9,Normal Revenue,Thursday,5
627,05-02-2025,08:47:00,Hyderabad,Regular,16,240,1,Pending,UPI,4.4,High Revenue,Wednesday,8
628,20-02-2025,14:26:00,Pune,Corporate,15,180,1,Completed,Cash,4,Normal Revenue,Thursday,14
629,19-02-2025,00:20:00,Bangalore,Corporate,7,105,1.5,Completed,Cash,4.8,Normal Revenue,Wednesday,0
630,10-03-2025,00:16:00,Delhi,Regular,13,117,1,Completed,Card,4.1,Normal Revenue,Monday,0
631,11-03-2025,23:52:00,Pune,Premium,11,145.2,1.2,Completed,Cash,4.7,Normal Revenue,Tuesday,23
632,23-01-2025,08:31:00,Hyderabad,Corporate,16,211.2,1.2,Completed,UPI,4.4,High Revenue,Thursday,8
633,08-03-2025,17:55:00,Delhi,Regular,9,97.2,1.2,Cancelled,Card,4.6,Normal Revenue,Saturday,17
634,30-01-2025,05:01:00,Mumbai,Corporate,6,72,1.5,Cancelled,Cash,3.7,Normal Revenue,Thursday,5
635,27-01-2025,18:12:00,Mumbai,Premium,17,153,1,Completed,Card,4.8,Normal Revenue,Monday,18
636,12-03-2025,09:55:00,Bangalore,Regular,18,180,1,Completed,UPI,4.7,Normal Revenue,Wednesday,9
637,08-02-2025,17:35:00,Hyderabad,Regular,9,129.6,1.2,Completed,UPI,3.8,Normal Revenue,Saturday,17
638,16-03-2025,19:45:00,Pune,Corporate,15,202.5,1.5,Completed,UPI,4.2,High Revenue,Sunday,19
639,14-01-2025,13:16:00,Bangalore,Regular,17,306,1.2,Completed,Card,4.7,High Revenue,Tuesday,13
640,29-03-2025,13:33:00,Delhi,Regular,15,225,1.5,Completed,Cash,4.1,High Revenue,Saturday,13
641,24-01-2025,23:54:00,Hyderabad,Corporate,13,169,1,Completed,Cash,4.4,Normal Revenue,Friday,23
642,01-03-2025,03:28:00,Delhi,Regular,16,160,1,Completed,UPI,4.1,Normal Revenue,Saturday,3
643,16-01-2025,07:32:00,Hyderabad,Regular,9,135,1.5,Completed,Card,4.6,Normal Revenue,Thursday,7
644,31-01-2025,23:31:00,Hyderabad,Regular,4,57.6,1.2,Completed,Cash,4.2,Normal Revenue,Friday,23
645,20-03-2025,01:35:00,Mumbai,Corporate,18,216,1.5,Completed,Card,4.6,High Revenue,Thursday,1
646,11-02-2025,05:16:00,Bangalore,Corporate,3,36,1.2,Completed,Card,3.7,Normal Revenue,Tuesday,5
647,31-01-2025,10:40:00,Delhi,Regular,15,337.5,1.5,Pending,UPI,3.7,High Revenue,Friday,10
648,04-01-2025,08:09:00,Mumbai,Premium,11,143,1,Completed,Cash,3.8,Normal Revenue,Saturday,8
649,31-03-2025,01:36:00,Bangalore,Corporate,5,75,1.5,Completed,UPI,4,Normal Revenue,Monday,1
650,27-01-2025,00:27:00,Delhi,Corporate,10,150,1.5,Completed,Cash,4.4,Normal Revenue,Monday,0
651,28-03-2025,14:09:00,Pune,Corporate,12,216,1.2,Cancelled,Cash,3.8,High Revenue,Friday,14
652,25-03-2025,01:04:00,Hyderabad,Corporate,2,24,1,Completed,UPI,3.8,Normal Revenue,Tuesday,1
653,07-02-2025,14:47:00,Pune,Premium,7,84,1.2,Completed,UPI,4.7,Normal Revenue,Friday,14
654,26-01-2025,10:48:00,Pune,Corporate,3,58.5,1.5,Completed,UPI,4.6,Normal Revenue,Sunday,10
655,16-01-2025,09:48:00,Bangalore,Regular,6,117,1.5,Completed,UPI,4.9,Normal Revenue,Thursday,9
656,03-01-2025,05:18:00,Hyderabad,Corporate,4,66,1.5,Completed,UPI,3.8,Normal Revenue,Friday,5
657,12-01-2025,20:09:00,Bangalore,Premium,11,154,1,Completed,Card,5,Normal Revenue,Sunday,20
658,29-03-2025,16:20:00,Delhi,Premium,8,144,1.2,Completed,Cash,4.1,Normal Revenue,Saturday,16
659,07-03-2025,10:44:00,Hyderabad,Premium,3,49.5,1.5,Completed,Cash,4.1,Normal Revenue,Friday,10
660,13-02-2025,00:07:00,Hyderabad,Premium,2,26.4,1.2,Cancelled,Card,4.9,Normal Revenue,Thursday,0
661,09-01-2025,06:32:00,Hyderabad,Corporate,20,200,1,Cancelled,Cash,4.5,Normal Revenue,Thursday,6
662,24-02-2025,01:47:00,Delhi,Corporate,15,225,1.5,Completed,Card,3.8,High Revenue,Monday,1
663,14-02-2025,14:23:00,Bangalore,Premium,15,144,1.2,Completed,Card,4.4,Normal Revenue,Friday,14
664,27-02-2025,06:52:00,Pune,Regular,12,234,1.5,Completed,Cash,3.5,High Revenue,Thursday,6
665,19-02-2025,05:19:00,Delhi,Corporate,4,40,1,Completed,UPI,3.6,Normal Revenue,Wednesday,5
666,02-03-2025,20:45:00,Delhi,Premium,15,195,1,Completed,UPI,3.6,Normal Revenue,Sunday,20
667,20-02-2025,17:34:00,Delhi,Corporate,15,180,1.2,Completed,UPI,4.7,Normal Revenue,Thursday,17
668,14-03-2025,06:13:00,Delhi,Regular,11,214.5,1.5,Completed,UPI,3.8,High Revenue,Friday,6
669,08-03-2025,04:23:00,Delhi,Premium,10,132,1.2,Completed,Card,4.7,Normal Revenue,Saturday,4
670,20-02-2025,17:18:00,Hyderabad,Corporate,19,296.4,1.2,Completed,Card,4.9,High Revenue,Thursday,17
671,21-03-2025,13:00:00,Delhi,Corporate,19,256.5,1.5,Completed,Cash,3.5,High Revenue,Friday,13
672,15-02-2025,13:42:00,Pune,Regular,3,63,1.5,Completed,UPI,4.5,Normal Revenue,Saturday,13
673,08-03-2025,19:56:00,Delhi,Premium,5,75,1.5,Completed,Card,4.2,Normal Revenue,Saturday,19
674,22-02-2025,23:40:00,Bangalore,Regular,20,160,1,Cancelled,Card,4.6,Normal Revenue,Saturday,23
675,28-01-2025,07:45:00,Bangalore,Corporate,8,120,1,Completed,Card,4.3,Normal Revenue,Tuesday,7
676,28-02-2025,04:16:00,Mumbai,Premium,20,264,1.2,Cancelled,UPI,5,High Revenue,Friday,4
677,16-01-2025,04:24:00,Pune,Premium,4,60,1,Completed,UPI,3.5,Normal Revenue,Thursday,4
678,05-02-2025,12:14:00,Bangalore,Corporate,14,184.8,1.2,Completed,UPI,4,Normal Revenue,Wednesday,12
679,05-02-2025,14:39:00,Mumbai,Corporate,2,39,1.5,Cancelled,UPI,4.2,Normal Revenue,Wednesday,14
680,08-02-2025,07:57:00,Mumbai,Premium,2,24,1.5,Completed,Card,4.4,Normal Revenue,Saturday,7
681,01-03-2025,17:14:00,Bangalore,Regular,19,342,1.5,Completed,Card,3.7,High Revenue,Saturday,17
682,08-03-2025,12:02:00,Delhi,Regular,13,156,1.2,Completed,Cash,4.9,Normal Revenue,Saturday,12
683,02-02-2025,13:14:00,Mumbai,Corporate,13,175.5,1.5,Completed,Cash,3.9,Normal Revenue,Sunday,13
684,14-02-2025,07:52:00,Hyderabad,Regular,5,54,1.2,Completed,UPI,5,Normal Revenue,Friday,7
685,18-03-2025,12:25:00,Delhi,Regular,19,266,1,Completed,UPI,3.9,High Revenue,Tuesday,12
686,09-01-2025,09:49:00,Delhi,Regular,12,234,1.5,Pending,Card,5,High Revenue,Thursday,9
687,07-01-2025,03:49:00,Pune,Regular,3,36,1.2,Completed,Card,4,Normal Revenue,Tuesday,3
688,11-02-2025,21:27:00,Delhi,Regular,14,210,1.5,Completed,UPI,4.7,High Revenue,Tuesday,21
689,11-03-2025,14:35:00,Mumbai,Premium,4,78,1.5,Completed,Card,4.1,Normal Revenue,Tuesday,14
690,19-02-2025,07:32:00,Pune,Premium,14,154,1,Cancelled,UPI,4.7,Normal Revenue,Wednesday,7
691,03-03-2025,17:19:00,Hyderabad,Premium,10,120,1,Completed,Cash,3.7,Normal Revenue,Monday,17
692,18-01-2025,02:21:00,Mumbai,Regular,4,36,1,Completed,Cash,4.7,Normal Revenue,Saturday,2
693,16-03-2025,15:29:00,Mumbai,Corporate,13,195,1.5,Pending,UPI,4.5,Normal Revenue,Sunday,15
694,16-03-2025,02:34:00,Mumbai,Premium,9,202.5,1.5,Cancelled,Cash,4.6,High Revenue,Sunday,2
695,28-03-2025,10:09:00,Pune,Regular,16,288,1.5,Cancelled,Cash,4.4,High Revenue,Friday,10
696,25-01-2025,10:20:00,Bangalore,Corporate,7,147,1.5,Cancelled,UPI,4.4,Normal Revenue,Saturday,10
697,14-01-2025,23:42:00,Bangalore,Regular,20,300,1,Pending,Card,4.4,High Revenue,Tuesday,23
698,25-03-2025,09:17:00,Pune,Regular,5,50,1,Completed,Cash,4.4,Normal Revenue,Tuesday,9
699,04-03-2025,14:29:00,Pune,Regular,2,30,1,Completed,Cash,3.5,Normal Revenue,Tuesday,14
700,14-03-2025,05:33:00,Pune,Corporate,12,120,1,Pending,Cash,4.2,Normal Revenue,Friday,5
701,29-03-2025,03:30:00,Bangalore,Corporate,6,84,1,Pending,UPI,3.8,Normal Revenue,Saturday,3
702,13-03-2025,16:30:00,Pune,Premium,15,180,1.2,Completed,UPI,3.8,Normal Revenue,Thursday,16
703,02-01-2025,21:02:00,Delhi,Premium,4,48,1,Completed,Cash,4.2,Normal Revenue,Thursday,21
704,25-01-2025,17:56:00,Hyderabad,Regular,9,126,1,Completed,Cash,3.9,Normal Revenue,Saturday,17
705,24-02-2025,06:35:00,Bangalore,Premium,12,144,1.5,Pending,Card,4.8,Normal Revenue,Monday,6
706,21-01-2025,23:11:00,Delhi,Premium,11,143,1,Completed,UPI,4.7,Normal Revenue,Tuesday,23
707,27-02-2025,09:36:00,Pune,Premium,8,168,1.5,Completed,Cash,4.6,Normal Revenue,Thursday,9
708,22-02-2025,07:54:00,Pune,Corporate,3,30,1,Completed,Cash,3.5,Normal Revenue,Saturday,7
709,16-01-2025,12:46:00,Pune,Regular,12,270,1.5,Completed,UPI,4.8,High Revenue,Thursday,12
710,23-02-2025,06:27:00,Pune,Corporate,13,195,1.5,Completed,Cash,4,Normal Revenue,Sunday,6
711,19-01-2025,23:45:00,Mumbai,Premium,5,65,1,Completed,Card,4.2,Normal Revenue,Sunday,23
712,31-01-2025,19:34:00,Bangalore,Premium,5,54,1.2,Completed,Card,4.1,Normal Revenue,Friday,19
713,15-03-2025,07:10:00,Hyderabad,Regular,5,40,1,Completed,UPI,4.9,Normal Revenue,Saturday,7
714,14-03-2025,04:23:00,Bangalore,Regular,7,84,1.2,Completed,Card,4,Normal Revenue,Friday,4
715,27-02-2025,00:13:00,Delhi,Corporate,11,181.5,1.5,Completed,Cash,4.7,Normal Revenue,Thursday,0
716,23-03-2025,02:42:00,Bangalore,Regular,4,44,1,Cancelled,Cash,4.3,Normal Revenue,Sunday,2
717,08-02-2025,04:05:00,Pune,Premium,16,176,1,Pending,Cash,4.3,Normal Revenue,Saturday,4
718,18-03-2025,19:39:00,Delhi,Premium,6,57.6,1.2,Completed,Cash,4.6,Normal Revenue,Tuesday,19
719,21-01-2025,04:46:00,Mumbai,Regular,12,162,1.5,Completed,Card,3.9,Normal Revenue,Tuesday,4
720,22-03-2025,12:18:00,Pune,Corporate,19,247,1,Completed,UPI,4.4,High Revenue,Saturday,12
721,22-02-2025,09:39:00,Hyderabad,Premium,16,240,1.5,Completed,Cash,3.5,High Revenue,Saturday,9
722,16-02-2025,20:55:00,Hyderabad,Premium,3,36,1,Completed,Card,4.9,Normal Revenue,Sunday,20
723,27-02-2025,18:32:00,Delhi,Regular,3,67.5,1.5,Completed,Cash,5,Normal Revenue,Thursday,18
724,23-03-2025,20:33:00,Mumbai,Premium,7,92.4,1.2,Completed,Cash,4,Normal Revenue,Sunday,20
725,03-03-2025,01:57:00,Pune,Premium,14,189,1.5,Completed,Cash,4.2,Normal Revenue,Monday,1
726,17-03-2025,16:05:00,Pune,Premium,5,72,1.2,Completed,Cash,3.6,Normal Revenue,Monday,16
727,31-03-2025,18:13:00,Bangalore,Corporate,7,84,1,Completed,Card,4.5,Normal Revenue,Monday,18
728,13-03-2025,05:10:00,Delhi,Corporate,14,231,1.5,Completed,UPI,3.7,High Revenue,Thursday,5
729,22-03-2025,07:19:00,Pune,Regular,3,54,1.5,Cancelled,UPI,4.4,Normal Revenue,Saturday,7
730,24-02-2025,09:40:00,Bangalore,Premium,3,54,1.5,Completed,Cash,4.7,Normal Revenue,Monday,9
731,16-01-2025,04:16:00,Bangalore,Corporate,19,427.5,1.5,Completed,Cash,4.6,High Revenue,Thursday,4
732,23-03-2025,18:49:00,Delhi,Premium,15,225,1,Completed,Cash,4.1,High Revenue,Sunday,18
733,14-03-2025,21:16:00,Hyderabad,Corporate,3,49.5,1.5,Completed,Card,4.8,Normal Revenue,Friday,21
734,25-02-2025,02:56:00,Hyderabad,Corporate,13,182,1,Completed,UPI,4.8,Normal Revenue,Tuesday,2
735,13-02-2025,21:18:00,Delhi,Premium,14,218.4,1.2,Cancelled,Cash,4.6,High Revenue,Thursday,21
736,12-03-2025,08:49:00,Hyderabad,Corporate,2,24,1.2,Pending,Card,3.6,Normal Revenue,Wednesday,8
737,07-03-2025,16:45:00,Delhi,Premium,12,172.8,1.2,Completed,UPI,3.8,Normal Revenue,Friday,16
738,03-02-2025,07:51:00,Bangalore,Corporate,8,132,1.5,Completed,Cash,4.4,Normal Revenue,Monday,7
739,30-03-2025,11:50:00,Bangalore,Premium,11,158.4,1.2,Completed,Cash,4,Normal Revenue,Sunday,11
740,02-01-2025,20:39:00,Mumbai,Premium,12,216,1.2,Completed,Cash,4,High Revenue,Thursday,20
741,20-01-2025,02:00:00,Hyderabad,Corporate,17,280.5,1.5,Completed,Cash,4.1,High Revenue,Monday,2
742,26-03-2025,16:27:00,Bangalore,Corporate,19,250.8,1.2,Cancelled,Cash,4.9,High Revenue,Wednesday,16
743,02-03-2025,21:55:00,Hyderabad,Corporate,12,187.2,1.2,Completed,Cash,5,Normal Revenue,Sunday,21
744,24-03-2025,09:16:00,Hyderabad,Corporate,15,234,1.2,Cancelled,UPI,4.3,High Revenue,Monday,9
745,23-03-2025,16:29:00,Bangalore,Premium,2,18,1,Completed,Card,4.3,Normal Revenue,Sunday,16
746,11-01-2025,16:58:00,Mumbai,Premium,8,156,1.5,Cancelled,UPI,4.5,Normal Revenue,Saturday,16
747,02-01-2025,16:28:00,Mumbai,Premium,4,40,1,Completed,UPI,4.7,Normal Revenue,Thursday,16
748,26-03-2025,14:09:00,Delhi,Corporate,11,165,1,Completed,Cash,4.4,Normal Revenue,Wednesday,14
749,19-01-2025,04:38:00,Bangalore,Corporate,20,330,1.5,Completed,Card,4.4,High Revenue,Sunday,4
750,07-01-2025,15:04:00,Bangalore,Premium,4,56,1,Completed,Cash,3.8,Normal Revenue,Tuesday,15
751,04-02-2025,17:03:00,Delhi,Premium,18,198,1,Completed,UPI,3.9,Normal Revenue,Tuesday,17
752,29-03-2025,12:43:00,Bangalore,Regular,5,55,1,Completed,Cash,4.6,Normal Revenue,Saturday,12
753,17-01-2025,17:45:00,Hyderabad,Regular,17,163.2,1.2,Completed,UPI,4.4,Normal Revenue,Friday,17
754,13-02-2025,09:12:00,Pune,Regular,12,115.2,1.2,Completed,Card,4.2,Normal Revenue,Thursday,9
755,28-03-2025,22:39:00,Pune,Corporate,13,175.5,1.5,Completed,Card,4.5,Normal Revenue,Friday,22
756,23-01-2025,23:33:00,Pune,Premium,7,63,1,Completed,UPI,4.8,Normal Revenue,Thursday,23
757,27-02-2025,23:34:00,Pune,Regular,15,225,1.5,Completed,UPI,4.7,High Revenue,Thursday,23
758,21-01-2025,02:24:00,Delhi,Regular,4,54,1.5,Completed,Cash,4.2,Normal Revenue,Tuesday,2
759,26-03-2025,19:59:00,Delhi,Regular,6,78,1,Completed,Cash,3.6,Normal Revenue,Wednesday,19
760,01-03-2025,13:22:00,Pune,Corporate,16,249.6,1.2,Completed,UPI,4.3,High Revenue,Saturday,13
761,08-01-2025,02:34:00,Pune,Regular,12,201.6,1.2,Completed,UPI,4,High Revenue,Wednesday,2
762,17-03-2025,23:46:00,Pune,Premium,4,90,1.5,Completed,Card,3.7,Normal Revenue,Monday,23
763,20-03-2025,18:30:00,Bangalore,Corporate,6,117,1.5,Completed,Card,4.6,Normal Revenue,Thursday,18
764,24-02-2025,02:03:00,Pune,Corporate,12,96,1,Completed,UPI,4.4,Normal Revenue,Monday,2
765,30-03-2025,19:55:00,Hyderabad,Premium,17,163.2,1.2,Completed,UPI,3.8,Normal Revenue,Sunday,19
766,30-03-2025,22:42:00,Delhi,Premium,14,201.6,1.2,Completed,UPI,4.7,High Revenue,Sunday,22
767,26-03-2025,09:29:00,Bangalore,Regular,12,144,1,Completed,Card,4.2,Normal Revenue,Wednesday,9
768,09-01-2025,11:43:00,Hyderabad,Corporate,7,136.5,1.5,Completed,Cash,4.4,Normal Revenue,Thursday,11
769,04-01-2025,03:01:00,Mumbai,Premium,16,128,1,Completed,Card,4.4,Normal Revenue,Saturday,3
770,12-01-2025,13:43:00,Pune,Corporate,18,172.8,1.2,Completed,Card,4.7,Normal Revenue,Sunday,13
771,19-03-2025,07:36:00,Delhi,Regular,15,165,1,Pending,Card,4.9,Normal Revenue,Wednesday,7
772,24-01-2025,07:14:00,Bangalore,Corporate,17,136,1,Completed,UPI,3.6,Normal Revenue,Friday,7
773,30-03-2025,08:44:00,Pune,Premium,15,120,1,Pending,Cash,4.3,Normal Revenue,Sunday,8
774,01-01-2025,10:23:00,Delhi,Regular,17,204,1,Completed,Card,4,High Revenue,Wednesday,10
775,21-02-2025,04:07:00,Hyderabad,Premium,14,252,1.5,Completed,Cash,4.4,High Revenue,Friday,4
776,28-02-2025,09:39:00,Pune,Regular,3,45,1,Pending,Cash,3.7,Normal Revenue,Friday,9
777,16-02-2025,15:29:00,Delhi,Regular,18,162,1,Completed,UPI,4.6,Normal Revenue,Sunday,15
778,19-03-2025,05:36:00,Pune,Corporate,18,259.2,1.2,Completed,Card,4.3,High Revenue,Wednesday,5
779,24-03-2025,08:10:00,Bangalore,Corporate,8,105.6,1.2,Completed,Card,4.1,Normal Revenue,Monday,8
780,10-03-2025,12:57:00,Mumbai,Premium,9,86.4,1.2,Completed,UPI,3.8,Normal Revenue,Monday,12
781,15-03-2025,08:30:00,Pune,Premium,20,450,1.5,Cancelled,Cash,4.8,High Revenue,Saturday,8
782,26-02-2025,17:22:00,Bangalore,Regular,7,84,1.5,Pending,Card,4.8,Normal Revenue,Wednesday,17
783,28-01-2025,06:04:00,Hyderabad,Corporate,19,228,1.5,Completed,UPI,3.7,High Revenue,Tuesday,6
784,22-02-2025,04:05:00,Hyderabad,Premium,15,315,1.5,Completed,Cash,4.6,High Revenue,Saturday,4
785,15-03-2025,11:13:00,Delhi,Regular,20,180,1,Completed,UPI,3.9,Normal Revenue,Saturday,11
786,31-01-2025,11:09:00,Pune,Corporate,8,168,1.5,Completed,UPI,4.4,Normal Revenue,Friday,11
787,21-01-2025,00:10:00,Pune,Corporate,20,288,1.2,Completed,UPI,3.7,High Revenue,Tuesday,0
788,05-03-2025,02:58:00,Pune,Regular,9,108,1.5,Completed,Card,4.5,Normal Revenue,Wednesday,2
789,30-03-2025,04:35:00,Hyderabad,Premium,13,202.8,1.2,Completed,Card,3.7,High Revenue,Sunday,4
790,16-01-2025,14:11:00,Mumbai,Corporate,19,247,1,Completed,Card,3.6,High Revenue,Thursday,14
791,27-03-2025,22:18:00,Hyderabad,Corporate,13,202.8,1.2,Cancelled,Cash,3.5,High Revenue,Thursday,22
792,04-03-2025,15:38:00,Hyderabad,Regular,12,187.2,1.2,Completed,UPI,4.1,Normal Revenue,Tuesday,15
793,03-03-2025,13:35:00,Bangalore,Corporate,19,171,1,Completed,Cash,5,Normal Revenue,Monday,13
794,13-03-2025,00:22:00,Hyderabad,Premium,18,194.4,1.2,Completed,UPI,4,Normal Revenue,Thursday,0
795,15-01-2025,14:59:00,Bangalore,Corporate,15,225,1.5,Completed,UPI,4.2,High Revenue,Wednesday,14
796,17-03-2025,09:58:00,Pune,Corporate,12,96,1,Completed,UPI,4.3,Normal Revenue,Monday,9
797,17-02-2025,01:09:00,Pune,Premium,8,72,1,Completed,UPI,4.3,Normal Revenue,Monday,1
798,22-01-2025,06:19:00,Hyderabad,Premium,8,144,1.5,Cancelled,Card,3.8,Normal Revenue,Wednesday,6
799,02-02-2025,09:56:00,Hyderabad,Corporate,9,151.2,1.2,Pending,Card,3.6,Normal Revenue,Sunday,9
800,23-02-2025,19:18:00,Delhi,Regular,8,104,1,Completed,UPI,4.1,Normal Revenue,Sunday,19
801,09-03-2025,15:23:00,Pune,Premium,3,45,1.5,Completed,Cash,4.7,Normal Revenue,Sunday,15
802,31-01-2025,02:03:00,Hyderabad,Regular,13,117,1,Completed,Cash,3.9,Normal Revenue,Friday,2
803,09-01-2025,20:36:00,Delhi,Corporate,11,143,1,Cancelled,Cash,4.2,Normal Revenue,Thursday,20
804,22-01-2025,10:49:00,Mumbai,Premium,10,156,1.2,Completed,UPI,4.7,Normal Revenue,Wednesday,10
805,30-01-2025,06:44:00,Bangalore,Corporate,4,32,1,Completed,UPI,3.7,Normal Revenue,Thursday,6
806,06-02-2025,07:51:00,Bangalore,Corporate,19,228,1.5,Completed,UPI,4.2,High Revenue,Thursday,7
807,30-01-2025,07:49:00,Delhi,Premium,6,72,1.5,Completed,Card,4.1,Normal Revenue,Thursday,7
808,07-02-2025,13:20:00,Delhi,Premium,6,60,1,Pending,UPI,3.6,Normal Revenue,Friday,13
809,20-01-2025,18:50:00,Mumbai,Premium,14,235.2,1.2,Completed,UPI,4.7,High Revenue,Monday,18
810,05-02-2025,21:48:00,Delhi,Premium,3,40.5,1.5,Pending,Cash,4,Normal Revenue,Wednesday,21
811,12-02-2025,22:17:00,Bangalore,Premium,4,62.4,1.2,Cancelled,Cash,3.7,Normal Revenue,Wednesday,22
812,26-03-2025,12:28:00,Bangalore,Regular,20,216,1.2,Completed,Cash,3.7,High Revenue,Wednesday,12
813,18-01-2025,23:47:00,Hyderabad,Regular,8,124.8,1.2,Pending,UPI,4.2,Normal Revenue,Saturday,23
814,03-02-2025,08:47:00,Mumbai,Corporate,6,86.4,1.2,Cancelled,Card,4.4,Normal Revenue,Monday,8
815,12-03-2025,10:46:00,Mumbai,Regular,12,144,1,Completed,Card,3.9,Normal Revenue,Wednesday,10
816,22-01-2025,23:42:00,Mumbai,Premium,8,80,1,Completed,Card,3.6,Normal Revenue,Wednesday,23
817,03-01-2025,01:32:00,Delhi,Premium,14,168,1.5,Completed,Card,3.8,Normal Revenue,Friday,1
818,19-02-2025,04:20:00,Pune,Regular,6,72,1.2,Completed,Card,4.4,Normal Revenue,Wednesday,4
819,16-03-2025,06:39:00,Bangalore,Regular,9,162,1.5,Completed,Card,3.7,Normal Revenue,Sunday,6
820,10-02-2025,16:29:00,Bangalore,Corporate,14,182,1,Cancelled,Cash,4.3,Normal Revenue,Monday,16
821,15-01-2025,18:43:00,Delhi,Corporate,8,115.2,1.2,Cancelled,Card,4.2,Normal Revenue,Wednesday,18
822,15-02-2025,07:01:00,Delhi,Premium,3,58.5,1.5,Completed,UPI,4,Normal Revenue,Saturday,7
823,02-02-2025,00:08:00,Pune,Corporate,11,247.5,1.5,Completed,Cash,4.8,High Revenue,Sunday,0
824,19-02-2025,08:40:00,Bangalore,Premium,9,148.5,1.5,Completed,UPI,4.8,Normal Revenue,Wednesday,8
825,08-02-2025,13:30:00,Hyderabad,Corporate,5,54,1.2,Completed,Card,3.6,Normal Revenue,Saturday,13
826,07-02-2025,23:47:00,Mumbai,Regular,10,120,1.5,Completed,Card,4.3,Normal Revenue,Friday,23
827,03-01-2025,09:52:00,Bangalore,Regular,4,48,1.5,Completed,Card,3.9,Normal Revenue,Friday,9
828,26-03-2025,18:47:00,Pune,Premium,5,90,1.2,Cancelled,Cash,3.7,Normal Revenue,Wednesday,18
829,21-01-2025,13:33:00,Mumbai,Regular,12,234,1.5,Completed,Cash,4.3,High Revenue,Tuesday,13
830,19-03-2025,07:22:00,Pune,Corporate,5,78,1.2,Completed,Card,4.8,Normal Revenue,Wednesday,7
831,26-02-2025,14:26:00,Pune,Premium,15,234,1.2,Completed,Cash,4,High Revenue,Wednesday,14
832,13-01-2025,10:08:00,Pune,Premium,17,221,1,Completed,Card,4.6,High Revenue,Monday,10
833,12-01-2025,13:32:00,Hyderabad,Corporate,12,158.4,1.2,Completed,UPI,4.4,Normal Revenue,Sunday,13
834,24-02-2025,05:18:00,Pune,Premium,12,129.6,1.2,Completed,Card,4.4,Normal Revenue,Monday,5
835,14-02-2025,01:43:00,Mumbai,Regular,19,152,1,Completed,UPI,4.7,Normal Revenue,Friday,1
836,16-01-2025,08:42:00,Delhi,Premium,18,144,1,Completed,Card,3.7,Normal Revenue,Thursday,8
837,01-02-2025,08:55:00,Hyderabad,Premium,15,225,1.5,Completed,Cash,4.1,High Revenue,Saturday,8
838,10-01-2025,11:19:00,Mumbai,Premium,11,158.4,1.2,Completed,Cash,4.9,Normal Revenue,Friday,11
839,05-02-2025,10:16:00,Mumbai,Corporate,5,112.5,1.5,Cancelled,Card,4.9,Normal Revenue,Wednesday,10
840,05-03-2025,00:54:00,Mumbai,Premium,3,54,1.2,Completed,Card,3.6,Normal Revenue,Wednesday,0
841,27-03-2025,00:37:00,Delhi,Corporate,2,28.8,1.2,Completed,UPI,3.5,Normal Revenue,Thursday,0
842,16-01-2025,23:59:00,Bangalore,Corporate,19,273.6,1.2,Completed,Cash,4.4,High Revenue,Thursday,23
843,04-03-2025,11:59:00,Mumbai,Premium,8,105.6,1.2,Completed,Card,3.7,Normal Revenue,Tuesday,11
844,16-01-2025,05:15:00,Delhi,Corporate,10,180,1.5,Pending,Cash,3.9,Normal Revenue,Thursday,5
845,04-02-2025,05:40:00,Bangalore,Regular,7,100.8,1.2,Completed,Cash,4.1,Normal Revenue,Tuesday,5
846,03-03-2025,05:03:00,Hyderabad,Regular,6,72,1.5,Pending,Card,3.8,Normal Revenue,Monday,5
847,09-02-2025,21:06:00,Bangalore,Regular,3,42,1,Completed,UPI,4.9,Normal Revenue,Sunday,21
848,05-03-2025,02:52:00,Hyderabad,Corporate,16,230.4,1.2,Completed,Card,4.2,High Revenue,Wednesday,2
849,29-01-2025,14:42:00,Pune,Regular,12,129.6,1.2,Completed,UPI,4,Normal Revenue,Wednesday,14
850,11-03-2025,15:01:00,Mumbai,Corporate,7,70,1,Completed,UPI,4.4,Normal Revenue,Tuesday,15
851,09-02-2025,03:43:00,Bangalore,Corporate,2,16,1,Completed,Cash,4.8,Normal Revenue,Sunday,3
852,05-03-2025,00:42:00,Hyderabad,Premium,20,220,1,Completed,Cash,3.8,High Revenue,Wednesday,0
853,28-03-2025,02:22:00,Bangalore,Corporate,11,247.5,1.5,Completed,UPI,4.6,High Revenue,Friday,2
854,14-03-2025,02:02:00,Delhi,Corporate,8,96,1.5,Completed,Cash,4.2,Normal Revenue,Friday,2
855,21-03-2025,09:28:00,Pune,Regular,19,228,1.5,Completed,Card,3.9,High Revenue,Friday,9
856,06-03-2025,16:06:00,Pune,Corporate,12,216,1.2,Cancelled,UPI,4.2,High Revenue,Thursday,16
857,19-02-2025,07:19:00,Delhi,Premium,20,420,1.5,Completed,UPI,4.4,High Revenue,Wednesday,7
858,08-02-2025,15:16:00,Delhi,Premium,3,45,1.5,Completed,Card,3.5,Normal Revenue,Saturday,15
859,25-02-2025,16:07:00,Pune,Regular,17,306,1.2,Cancelled,Card,4.3,High Revenue,Tuesday,16
860,19-01-2025,12:32:00,Delhi,Regular,14,168,1.5,Cancelled,UPI,3.8,Normal Revenue,Sunday,12
861,14-03-2025,12:01:00,Delhi,Premium,15,210,1,Completed,Cash,3.9,High Revenue,Friday,12
862,11-01-2025,19:06:00,Mumbai,Premium,19,427.5,1.5,Pending,UPI,4.4,High Revenue,Saturday,19
863,31-01-2025,12:23:00,Delhi,Premium,15,162,1.2,Completed,Cash,4.7,Normal Revenue,Friday,12
864,18-02-2025,19:26:00,Hyderabad,Corporate,11,181.5,1.5,Completed,UPI,4.5,Normal Revenue,Tuesday,19
865,05-03-2025,20:41:00,Mumbai,Corporate,6,84,1,Pending,UPI,3.6,Normal Revenue,Wednesday,20
866,20-03-2025,21:02:00,Bangalore,Premium,15,195,1,Cancelled,Card,4.7,Normal Revenue,Thursday,21
867,05-02-2025,09:19:00,Delhi,Premium,7,126,1.5,Completed,Cash,4.7,Normal Revenue,Wednesday,9
868,25-02-2025,11:02:00,Bangalore,Corporate,6,84,1,Completed,Cash,4.8,Normal Revenue,Tuesday,11
869,06-02-2025,07:36:00,Bangalore,Premium,20,220,1,Completed,Card,4.6,High Revenue,Thursday,7
870,17-02-2025,01:43:00,Delhi,Regular,14,112,1,Completed,UPI,3.6,Normal Revenue,Monday,1
871,11-02-2025,02:08:00,Hyderabad,Premium,13,182,1,Completed,Cash,4.2,Normal Revenue,Tuesday,2
872,16-03-2025,01:19:00,Pune,Premium,10,120,1.5,Pending,UPI,3.9,Normal Revenue,Sunday,1
873,30-03-2025,12:09:00,Hyderabad,Corporate,11,181.5,1.5,Completed,Cash,4.1,Normal Revenue,Sunday,12
874,27-02-2025,13:45:00,Bangalore,Corporate,12,156,1,Completed,UPI,3.8,Normal Revenue,Thursday,13
875,11-03-2025,13:58:00,Pune,Premium,19,266,1,Completed,Card,4.3,High Revenue,Tuesday,13
876,05-02-2025,22:28:00,Hyderabad,Premium,13,175.5,1.5,Completed,Cash,4.9,Normal Revenue,Wednesday,22
877,06-02-2025,08:59:00,Delhi,Regular,15,225,1,Cancelled,Card,4.6,High Revenue,Thursday,8
878,08-03-2025,11:36:00,Delhi,Premium,11,214.5,1.5,Completed,Card,4.2,High Revenue,Saturday,11
879,12-01-2025,13:58:00,Pune,Premium,18,252,1,Completed,UPI,4.1,High Revenue,Sunday,13
880,12-01-2025,05:28:00,Pune,Regular,4,60,1,Completed,Card,4.4,Normal Revenue,Sunday,5
881,05-02-2025,12:12:00,Pune,Corporate,20,288,1.2,Pending,UPI,4.5,High Revenue,Wednesday,12
882,31-01-2025,12:28:00,Hyderabad,Regular,7,92.4,1.2,Completed,UPI,3.9,Normal Revenue,Friday,12
883,01-03-2025,03:28:00,Delhi,Premium,12,144,1,Completed,Card,3.9,Normal Revenue,Saturday,3
884,30-01-2025,10:07:00,Hyderabad,Regular,5,54,1.2,Completed,Cash,4,Normal Revenue,Thursday,10
885,15-01-2025,09:45:00,Mumbai,Regular,13,234,1.5,Completed,Cash,3.6,High Revenue,Wednesday,9
886,27-02-2025,16:11:00,Bangalore,Corporate,12,216,1.2,Completed,UPI,3.7,High Revenue,Thursday,16
887,16-03-2025,07:32:00,Delhi,Regular,13,169,1,Cancelled,UPI,4.2,Normal Revenue,Sunday,7
888,27-02-2025,10:46:00,Mumbai,Premium,3,42,1,Completed,UPI,4.1,Normal Revenue,Thursday,10
889,24-02-2025,14:34:00,Pune,Regular,19,250.8,1.2,Completed,Card,4.1,High Revenue,Monday,14
890,20-01-2025,08:45:00,Mumbai,Premium,19,228,1,Completed,Card,4.1,High Revenue,Monday,8
891,07-02-2025,12:51:00,Bangalore,Corporate,6,57.6,1.2,Cancelled,UPI,5,Normal Revenue,Friday,12
892,29-01-2025,05:13:00,Delhi,Corporate,9,99,1,Completed,Card,4.6,Normal Revenue,Wednesday,5
893,20-01-2025,16:54:00,Delhi,Regular,18,405,1.5,Completed,UPI,3.6,High Revenue,Monday,16
894,27-01-2025,09:19:00,Delhi,Corporate,10,180,1.2,Cancelled,Card,4.4,Normal Revenue,Monday,9
895,15-03-2025,09:51:00,Mumbai,Regular,4,84,1.5,Completed,Cash,4.8,Normal Revenue,Saturday,9
896,17-01-2025,08:02:00,Hyderabad,Corporate,17,265.2,1.2,Pending,Card,4.3,High Revenue,Friday,8
897,28-01-2025,08:59:00,Delhi,Premium,17,382.5,1.5,Completed,Cash,3.9,High Revenue,Tuesday,8
898,04-01-2025,20:50:00,Bangalore,Corporate,5,65,1,Completed,Card,5,Normal Revenue,Saturday,20
899,24-01-2025,09:40:00,Hyderabad,Premium,6,108,1.2,Completed,UPI,4.7,Normal Revenue,Friday,9
900,19-01-2025,00:18:00,Delhi,Corporate,15,150,1,Pending,Card,4.7,Normal Revenue,Sunday,0
901,17-03-2025,04:50:00,Bangalore,Regular,13,130,1,Completed,Cash,5,Normal Revenue,Monday,4
902,30-01-2025,17:45:00,Hyderabad,Corporate,3,40.5,1.5,Completed,Cash,4.9,Normal Revenue,Thursday,17
903,23-03-2025,21:04:00,Pune,Regular,13,218.4,1.2,Cancelled,Card,3.9,High Revenue,Sunday,21
904,25-01-2025,12:47:00,Mumbai,Corporate,14,252,1.2,Completed,Cash,3.5,High Revenue,Saturday,12
905,03-02-2025,19:11:00,Hyderabad,Regular,17,224.4,1.2,Completed,Card,4.9,High Revenue,Monday,19
906,19-01-2025,21:57:00,Delhi,Corporate,15,180,1.5,Completed,Cash,4.3,Normal Revenue,Sunday,21
907,02-02-2025,16:23:00,Hyderabad,Corporate,18,162,1,Cancelled,Cash,3.6,Normal Revenue,Sunday,16
908,12-02-2025,09:05:00,Hyderabad,Corporate,9,72,1,Pending,Cash,3.5,Normal Revenue,Wednesday,9
909,23-01-2025,02:19:00,Delhi,Premium,16,192,1.5,Completed,Card,3.7,Normal Revenue,Thursday,2
910,12-01-2025,10:54:00,Delhi,Premium,15,162,1.2,Completed,UPI,3.9,Normal Revenue,Sunday,10
911,08-01-2025,09:33:00,Hyderabad,Corporate,5,50,1,Completed,Card,4.1,Normal Revenue,Wednesday,9
912,31-03-2025,21:28:00,Bangalore,Premium,18,324,1.2,Completed,Card,3.6,High Revenue,Monday,21
913,15-03-2025,21:50:00,Delhi,Regular,9,108,1.5,Completed,Card,4.3,Normal Revenue,Saturday,21
914,02-01-2025,21:22:00,Delhi,Premium,18,405,1.5,Completed,Cash,3.7,High Revenue,Thursday,21
915,11-01-2025,11:06:00,Bangalore,Premium,20,260,1,Completed,UPI,4.1,High Revenue,Saturday,11
916,16-03-2025,21:30:00,Delhi,Regular,14,168,1,Completed,Cash,4.3,Normal Revenue,Sunday,21
917,22-02-2025,08:01:00,Bangalore,Premium,18,216,1.2,Pending,Cash,3.5,High Revenue,Saturday,8
918,30-01-2025,23:58:00,Hyderabad,Premium,13,187.2,1.2,Cancelled,Cash,4,Normal Revenue,Thursday,23
919,18-02-2025,20:57:00,Bangalore,Corporate,15,216,1.2,Completed,Card,4.6,High Revenue,Tuesday,20
920,15-01-2025,21:18:00,Mumbai,Regular,8,180,1.5,Completed,Cash,3.6,Normal Revenue,Wednesday,21
921,25-01-2025,15:17:00,Bangalore,Regular,6,64.8,1.2,Completed,UPI,4.6,Normal Revenue,Saturday,15
922,17-03-2025,10:02:00,Mumbai,Corporate,11,132,1.2,Completed,UPI,5,Normal Revenue,Monday,10
923,29-01-2025,07:39:00,Mumbai,Premium,16,216,1.5,Completed,Cash,4.4,High Revenue,Wednesday,7
924,20-03-2025,01:01:00,Hyderabad,Corporate,13,117,1,Completed,UPI,3.9,Normal Revenue,Thursday,1
925,26-01-2025,08:21:00,Hyderabad,Premium,5,60,1.5,Completed,Cash,4.5,Normal Revenue,Sunday,8
926,20-03-2025,21:29:00,Pune,Regular,15,162,1.2,Completed,Card,4.2,Normal Revenue,Thursday,21
927,17-02-2025,15:32:00,Mumbai,Regular,10,144,1.2,Completed,Card,3.9,Normal Revenue,Monday,15
928,13-02-2025,23:05:00,Delhi,Corporate,13,195,1,Completed,Cash,4.9,Normal Revenue,Thursday,23
929,11-01-2025,05:15:00,Hyderabad,Regular,17,163.2,1.2,Completed,Cash,3.8,Normal Revenue,Saturday,5
930,10-02-2025,19:30:00,Delhi,Corporate,12,144,1.5,Cancelled,Card,4.3,Normal Revenue,Monday,19
931,12-03-2025,05:47:00,Bangalore,Regular,10,140,1,Completed,Card,4.3,Normal Revenue,Wednesday,5
932,06-01-2025,10:51:00,Delhi,Premium,12,234,1.5,Pending,Card,4.9,High Revenue,Monday,10
933,24-02-2025,09:03:00,Pune,Regular,13,175.5,1.5,Completed,UPI,4.2,Normal Revenue,Monday,9
934,16-01-2025,23:41:00,Bangalore,Corporate,19,256.5,1.5,Completed,Cash,3.9,High Revenue,Thursday,23
935,26-01-2025,01:29:00,Hyderabad,Corporate,3,36,1,Pending,Cash,3.9,Normal Revenue,Sunday,1
936,11-02-2025,16:39:00,Hyderabad,Premium,15,162,1.2,Completed,Card,4.2,Normal Revenue,Tuesday,16
937,10-03-2025,10:45:00,Pune,Corporate,4,32,1,Completed,UPI,4.7,Normal Revenue,Monday,10
938,05-03-2025,09:26:00,Mumbai,Corporate,11,171.6,1.2,Completed,Card,3.6,Normal Revenue,Wednesday,9
939,18-02-2025,23:40:00,Mumbai,Corporate,13,273,1.5,Completed,UPI,3.9,High Revenue,Tuesday,23
940,16-03-2025,03:48:00,Pune,Corporate,13,234,1.2,Completed,Cash,4.7,High Revenue,Sunday,3
941,28-01-2025,23:33:00,Bangalore,Regular,2,26.4,1.2,Completed,Card,4.2,Normal Revenue,Tuesday,23
942,16-02-2025,05:53:00,Bangalore,Premium,18,144,1,Completed,UPI,4.9,Normal Revenue,Sunday,5
943,28-02-2025,07:38:00,Delhi,Corporate,10,96,1.2,Completed,Cash,4,Normal Revenue,Friday,7
944,19-02-2025,06:35:00,Delhi,Corporate,13,195,1.5,Completed,UPI,3.7,Normal Revenue,Wednesday,6
945,31-03-2025,21:37:00,Delhi,Premium,18,216,1.5,Completed,UPI,3.5,High Revenue,Monday,21
946,28-02-2025,13:31:00,Hyderabad,Corporate,2,33,1.5,Completed,Cash,4.8,Normal Revenue,Friday,13
947,27-01-2025,03:07:00,Bangalore,Premium,13,218.4,1.2,Completed,UPI,4.5,High Revenue,Monday,3
948,02-02-2025,11:11:00,Mumbai,Regular,7,126,1.2,Completed,Cash,3.6,Normal Revenue,Sunday,11
949,06-02-2025,20:33:00,Mumbai,Premium,5,60,1.5,Completed,Cash,4.6,Normal Revenue,Thursday,20
950,29-01-2025,13:37:00,Bangalore,Premium,8,156,1.5,Completed,UPI,3.6,Normal Revenue,Wednesday,13
951,02-01-2025,11:29:00,Delhi,Corporate,14,315,1.5,Completed,Card,3.5,High Revenue,Thursday,11
952,31-01-2025,21:37:00,Hyderabad,Regular,17,204,1,Completed,Cash,4.4,High Revenue,Friday,21
953,03-02-2025,23:26:00,Mumbai,Premium,20,264,1.2,Cancelled,UPI,4,High Revenue,Monday,23
954,23-01-2025,13:35:00,Bangalore,Regular,6,78,1,Completed,Card,3.7,Normal Revenue,Thursday,13
955,20-02-2025,01:35:00,Bangalore,Regular,7,84,1.5,Completed,Card,4.3,Normal Revenue,Thursday,1
956,10-03-2025,08:24:00,Pune,Regular,18,144,1,Completed,Card,4.4,Normal Revenue,Monday,8
957,26-03-2025,21:51:00,Hyderabad,Regular,2,45,1.5,Cancelled,UPI,4.7,Normal Revenue,Wednesday,21
958,26-01-2025,17:32:00,Delhi,Corporate,14,168,1,Completed,Cash,4.2,Normal Revenue,Sunday,17
959,27-02-2025,09:37:00,Delhi,Corporate,9,148.5,1.5,Completed,UPI,4.9,Normal Revenue,Thursday,9
960,26-01-2025,20:43:00,Delhi,Corporate,3,33,1,Completed,UPI,4.9,Normal Revenue,Sunday,20
961,09-01-2025,01:22:00,Hyderabad,Premium,19,209,1,Completed,UPI,4,High Revenue,Thursday,1
962,25-02-2025,03:21:00,Pune,Corporate,18,237.6,1.2,Completed,Card,4.6,High Revenue,Tuesday,3
963,16-02-2025,02:54:00,Delhi,Regular,11,148.5,1.5,Completed,Card,4.3,Normal Revenue,Sunday,2
964,24-02-2025,12:29:00,Mumbai,Corporate,10,140,1,Pending,Card,4.5,Normal Revenue,Monday,12
965,30-01-2025,07:07:00,Mumbai,Corporate,7,56,1,Completed,Cash,4.9,Normal Revenue,Thursday,7
966,03-02-2025,08:23:00,Mumbai,Regular,6,90,1.5,Completed,Card,4.3,Normal Revenue,Monday,8
967,01-02-2025,05:42:00,Hyderabad,Corporate,15,234,1.2,Pending,Card,4.5,High Revenue,Saturday,5
968,05-02-2025,16:46:00,Delhi,Regular,8,168,1.5,Completed,Card,4.5,Normal Revenue,Wednesday,16
969,03-01-2025,16:05:00,Delhi,Corporate,11,198,1.2,Completed,Cash,3.9,Normal Revenue,Friday,16
970,05-03-2025,08:12:00,Hyderabad,Premium,5,50,1,Completed,Card,3.9,Normal Revenue,Wednesday,8
971,17-03-2025,02:34:00,Hyderabad,Regular,12,144,1.2,Completed,Cash,4.2,Normal Revenue,Monday,2
972,09-01-2025,14:25:00,Hyderabad,Regular,10,120,1.5,Completed,Cash,4.1,Normal Revenue,Thursday,14
973,26-02-2025,12:47:00,Hyderabad,Corporate,3,24,1,Cancelled,UPI,4.6,Normal Revenue,Wednesday,12
974,22-01-2025,15:20:00,Mumbai,Premium,11,145.2,1.2,Pending,UPI,4.6,Normal Revenue,Wednesday,15
975,02-03-2025,07:24:00,Hyderabad,Corporate,18,180,1,Completed,UPI,4.2,Normal Revenue,Sunday,7
976,26-02-2025,05:25:00,Pune,Premium,20,280,1,Completed,Cash,3.6,High Revenue,Wednesday,5
977,21-03-2025,16:24:00,Mumbai,Corporate,9,97.2,1.2,Completed,Cash,3.7,Normal Revenue,Friday,16
978,10-03-2025,07:52:00,Delhi,Regular,13,171.6,1.2,Completed,UPI,3.6,Normal Revenue,Monday,7
979,12-02-2025,17:25:00,Mumbai,Premium,10,80,1,Completed,Cash,4.2,Normal Revenue,Wednesday,17
980,17-01-2025,12:09:00,Mumbai,Corporate,12,144,1.5,Pending,Card,4,Normal Revenue,Friday,12
981,09-02-2025,19:56:00,Hyderabad,Premium,5,60,1.5,Completed,Cash,4,Normal Revenue,Sunday,19
982,12-03-2025,17:48:00,Delhi,Premium,15,315,1.5,Completed,UPI,4,High Revenue,Wednesday,17
983,01-01-2025,03:23:00,Bangalore,Regular,18,144,1,Completed,Cash,4.5,Normal Revenue,Wednesday,3
984,24-03-2025,02:55:00,Hyderabad,Regular,3,36,1.5,Completed,Card,3.9,Normal Revenue,Monday,2
985,03-01-2025,16:49:00,Hyderabad,Premium,9,162,1.5,Completed,Card,5,Normal Revenue,Friday,16
986,18-03-2025,09:12:00,Pune,Premium,15,252,1.2,Completed,UPI,4.7,High Revenue,Tuesday,9
987,19-01-2025,05:38:00,Mumbai,Premium,17,187,1,Completed,Card,4.1,Normal Revenue,Sunday,5
988,25-01-2025,15:38:00,Delhi,Corporate,9,72,1,Completed,Cash,4.9,Normal Revenue,Saturday,15
989,25-03-2025,21:17:00,Pune,Regular,14,112,1,Completed,UPI,4.2,Normal Revenue,Tuesday,21
990,18-02-2025,20:19:00,Bangalore,Corporate,7,70,1,Completed,Card,3.9,Normal Revenue,Tuesday,20
991,05-01-2025,10:26:00,Hyderabad,Premium,13,175.5,1.5,Cancelled,Cash,4.2,Normal Revenue,Sunday,10
992,20-02-2025,05:45:00,Mumbai,Regular,18,351,1.5,Completed,UPI,4,High Revenue,Thursday,5
993,27-02-2025,15:06:00,Hyderabad,Corporate,6,90,1,Completed,Card,4.1,Normal Revenue,Thursday,15
994,11-02-2025,10:36:00,Bangalore,Premium,14,218.4,1.2,Completed,Card,4.5,High Revenue,Tuesday,10
995,31-01-2025,21:26:00,Delhi,Regular,18,172.8,1.2,Completed,Cash,4.4,Normal Revenue,Friday,21
996,23-02-2025,20:55:00,Mumbai,Regular,8,144,1.5,Completed,Card,4.1,Normal Revenue,Sunday,20
997,20-01-2025,09:36:00,Hyderabad,Premium,6,78,1,Completed,UPI,4.7,Normal Revenue,Monday,9
998,15-02-2025,11:46:00,Bangalore,Regular,20,312,1.2,Completed,Cash,4.8,High Revenue,Saturday,11
999,04-01-2025,09:41:00,Pune,Premium,19,209,1,Completed,Cash,4.3,High Revenue,Saturday,9
1000,05-02-2025,14:39:00,Mumbai,Premium,19,285,1,Completed,UPI,3.9,High Revenue,Wednesday,14
